:020000040000fa
:080000000002040000000000f2
:020000040000fa
:04000800f004000000
:020000040000fa
:04000c00b404000038
:020000040000fa
:04001000ba0400002e
:020000040000fa
:04001400c004000024
:020000040000fa
:04001800c60400001a
:020000040000fa
:04001c00cc04000010
:020000040000fa
:04002000f0040000e8
:020000040000fa
:04002400f0040000e4
:020000040000fa
:04002800f0040000e0
:020000040000fa
:04002c00f0040000dc
:020000040000fa
:04003000f0040000d8
:020000040000fa
:04003400d0030000f5
:020000040000fa
:04003800f0040000d0
:020000040000fa
:04003c00f0040000cc
:020000040000fa
:04004000f0040000c8
:020000040000fa
:04004400f0040000c4
:020000040000fa
:04004800f0040000c0
:020000040000fa
:04004c00f0040000bc
:020000040000fa
:04005000f0040000b8
:020000040000fa
:04005400480400005c
:020000040000fa
:04005800220400007e
:020000040000fa
:04005c00f0040000ac
:020000040000fa
:04006000f0040000a8
:020000040000fa
:04006400f0040000a4
:020000040000fa
:04006800f0040000a0
:020000040000fa
:04006c00f00400009c
:020000040000fa
:04007000f004000098
:020000040000fa
:04007400f004000094
:020000040000fa
:040078000e04000072
:020000040000fa
:04007c00f00400008c
:020000040000fa
:04008000f004000088
:020000040000fa
:04008400f004000084
:020000040000fa
:04008800f004000080
:020000040000fa
:04008c00f00400007c
:020000040000fa
:04009000f004000078
:020000040000fa
:04009400f004000074
:020000040000fa
:040098009a040000c6
:020000040000fa
:04009c00f00400006c
:020000040000fa
:0400a000f004000068
:020000040000fa
:0400a400f004000064
:020000040000fa
:0400a800f004000060
:020000040000fa
:0400ac00f00400005c
:020000040000fa
:0400b000f004000058
:020000040000fa
:0400b400e80300005d
:020000040000fa
:0400b800f004000050
:020000040000fa
:0400bc00f00400004c
:020000040000fa
:0400c000f004000048
:020000040000fa
:0400c400f004000044
:020000040000fa
:0400c800f004000040
:020000040000fa
:0400cc00f00400003c
:020000040000fa
:0400d000f004000038
:020000040000fa
:0400d400f004000034
:020000040000fa
:0400d800f004000030
:020000040000fa
:0400dc00f00400002c
:020000040000fa
:0400e000f004000028
:020000040000fa
:0400e400f004000024
:020000040000fa
:0400e800f004000020
:020000040000fa
:0400ec00f00400001c
:020000040000fa
:0400f000f004000018
:020000040000fa
:0400f400f004000014
:020000040000fa
:0400f800f004000010
:020000040000fa
:0400fc00f00400000c
:020000040000fa
:04010000f004000007
:020000040000fa
:04010400f004000003
:020000040000fa
:04010800f0040000ff
:020000040000fa
:04010c00f0040000fb
:020000040000fa
:04011000f0040000f7
:020000040000fa
:04011400f0040000f3
:020000040000fa
:04011800f0040000ef
:020000040000fa
:04011c00f0040000eb
:020000040000fa
:04012000f0040000e7
:020000040000fa
:04012400f0040000e3
:020000040000fa
:04012800f0040000df
:020000040000fa
:04012c00f0040000db
:020000040000fa
:04013000f0040000d7
:020000040000fa
:04013400f0040000d3
:020000040000fa
:04013800f0040000cf
:020000040000fa
:04013c00f0040000cb
:020000040000fa
:04014000f0040000c7
:020000040000fa
:04014400f0040000c3
:020000040000fa
:04014800f0040000bf
:020000040000fa
:04014c00f0040000bb
:020000040000fa
:04015000f0040000b7
:020000040000fa
:04015400f0040000b3
:020000040000fa
:04015800f0040000af
:020000040000fa
:04015c00f0040000ab
:020000040000fa
:04016000f0040000a7
:020000040000fa
:04016400f0040000a3
:020000040000fa
:04020800f0040000fe
:020000040000fa
:04020c00d204000018
:020000040000fa
:04021000d80400000e
:020000040000fa
:04021400de04000004
:020000040000fa
:04021800e4040000fa
:020000040000fa
:04021c00ea040000f0
:020000040000fa
:04022000f0040000e6
:020000040000fa
:04022400f0040000e2
:020000040000fa
:04022800f0040000de
:020000040000fa
:04022c00f0040000da
:020000040000fa
:04023000f0040000d6
:020000040000fa
:04023400d0030000f3
:020000040000fa
:04023800f0040000ce
:020000040000fa
:04023c00f0040000ca
:020000040000fa
:04024000f0040000c6
:020000040000fa
:04024400f0040000c2
:020000040000fa
:04024800f0040000be
:020000040000fa
:04024c00f0040000ba
:020000040000fa
:04025000f0040000b6
:020000040000fa
:04025400480400005a
:020000040000fa
:04025800220400007c
:020000040000fa
:04025c00f0040000aa
:020000040000fa
:04026000f0040000a6
:020000040000fa
:04026400f0040000a2
:020000040000fa
:04026800f00400009e
:020000040000fa
:04026c00f00400009a
:020000040000fa
:04027000f004000096
:020000040000fa
:04027400f004000092
:020000040000fa
:040278000e04000070
:020000040000fa
:04027c00f00400008a
:020000040000fa
:04028000f004000086
:020000040000fa
:04028400f004000082
:020000040000fa
:04028800f00400007e
:020000040000fa
:04028c00f00400007a
:020000040000fa
:04029000f004000076
:020000040000fa
:04029400f004000072
:020000040000fa
:040298009a040000c4
:020000040000fa
:04029c00f00400006a
:020000040000fa
:0402a000f004000066
:020000040000fa
:0402a400f004000062
:020000040000fa
:0402a800f00400005e
:020000040000fa
:0402ac00f00400005a
:020000040000fa
:0402b000f004000056
:020000040000fa
:0402b400e80300005b
:020000040000fa
:0402b800f00400004e
:020000040000fa
:0402bc00f00400004a
:020000040000fa
:0402c000f004000046
:020000040000fa
:0402c400f004000042
:020000040000fa
:0402c800f00400003e
:020000040000fa
:0402cc00f00400003a
:020000040000fa
:0402d000f004000036
:020000040000fa
:0402d400f004000032
:020000040000fa
:0402d800f00400002e
:020000040000fa
:0402dc00f00400002a
:020000040000fa
:0402e000f004000026
:020000040000fa
:0402e400f004000022
:020000040000fa
:0402e800f00400001e
:020000040000fa
:0402ec00f00400001a
:020000040000fa
:0402f000f004000016
:020000040000fa
:0402f400f004000012
:020000040000fa
:0402f800f00400000e
:020000040000fa
:0402fc00f00400000a
:020000040000fa
:04030000f004000005
:020000040000fa
:04030400f004000001
:020000040000fa
:04030800f0040000fd
:020000040000fa
:04030c00f0040000f9
:020000040000fa
:04031000f0040000f5
:020000040000fa
:04031400f0040000f1
:020000040000fa
:04031800f0040000ed
:020000040000fa
:04031c00f0040000e9
:020000040000fa
:04032000f0040000e5
:020000040000fa
:04032400f0040000e1
:020000040000fa
:04032800f0040000dd
:020000040000fa
:04032c00f0040000d9
:020000040000fa
:04033000f0040000d5
:020000040000fa
:04033400f0040000d1
:020000040000fa
:04033800f0040000cd
:020000040000fa
:04033c00f0040000c9
:020000040000fa
:04034000f0040000c5
:020000040000fa
:04034400f0040000c1
:020000040000fa
:04034800f0040000bd
:020000040000fa
:04034c00f0040000b9
:020000040000fa
:04035000f0040000b5
:020000040000fa
:04035400f0040000b1
:020000040000fa
:04035800f0040000ad
:020000040000fa
:04035c00f0040000a9
:020000040000fa
:04036000f0040000a5
:020000040000fa
:04036400f0040000a1
:020000040000fa
:100400002f9e21000e3f24000e01880000000000f6
:10041000000020000000e000020032000001200087
:1004200020028800140007006f0107000000e000b0
:1004300003003a00e0ff2600010020000200370020
:100440000000200001002000810f70000100320038
:1004500014000700000020000000e000020032004d
:1004600000000200000000002c4402000000000018
:100470000040da000000fe004440a9002081200076
:100480000000e0000300320000002000a00188000e
:100490004440a800000006008a1f78008b1f7800e7
:1004a0000000060091018800800478000000eb0045
:1004b0001a003700e284440032a0b4009905ba0063
:1004c000e284440032a0b4009906ba00e2844400f9
:1004d00032a0b4000006eb00476fde00fd07b2005b
:1004e000636ce10003003a00ebff07000000eb0043
:1004f0000a003700606ce10004003a00005deb0088
:100500008b05e900fdff3e00040037006168e10053
:10051000010032000086eb000b00070019c7ba008b
:100520001905ba000e04e00003003a000a00e000da
:10053000e0ff3a0000000600fe07b2009e018800be
:100540008a047800f5ff3700395dba008b05e900b1
:100550000c003200295dba008b05e900080032006a
:100560000c00e00003003a00e284440032a0b40032
:10057000f5ff370019ddba008b05e900faff3a00f4
:100580008904e800e184440032a0b40000000600c1
:1005900074770400000000002878040000000000c8
:1005a0003278040000000000b6790400000000006a
:1005b000c879040000000000de790400000000009b
:1005c0001a4a04000000000030500400000000003f
:1005d000f254040000000000e24e0400000000009d
:1005e000f273040000000000ca760400000000005e
:1005f0002077040000000000346f040000000000b9
:10060000e06e040000000000506c040000000000d8
:10061000ee6b0400000000002e6d040000000000de
:10062000a86d040000000000d26d0400000000006e
:10063000ae6c0400000000006487040000000000ad
:100640000c880400000000002c880400000000005a
:10065000fe42040000000000f04204000000000020
:10066000e043040000000000d2430400000000004a
:10067000ca7a040000000000027c040000000000b0
:10068000c27d040000000000427c04000000000065
:10069000fe7d040000000000147e04000000000045
:1006a000827e040000000000ca7f040000000000f9
:1006b0006680040000000000d880040000000000f4
:1006c000e680040000000000a88104000000000093
:1006d00008890400000000004289040000000000b6
:1006e0007e89040000000000b289040000000000c0
:1006f00004820400000000004882040000000000a2
:1007000062820400000000008a82040000000000f1
:100710009e82040000000000b88204000000000077
:10072000d682040000000000f282040000000000f5
:1007300014830400000000001c8c04000000000072
:100740004e3c040000000000e83c040000000000f3
:100750008a3e040000000000c411040000000000f4
:100760005a2c040000000000762004000000000065
:1007700016680400000000008286040000000000eb
:10078000d4860400000000009a6504000000000008
:100790007c660400000000004e67040000000000ba
:1007a000801f78003400f80000002000a0018800bd
:1007b0000000fa0010c0b30013e8b7008460a9007d
:1007c0000080fa003400f9004f0078000040060075
:1007d0003600f800809fbe00829fbe00849fbe004e
:1007e000869fbe003400f80000002000a0018800b1
:1007f0000000fa008860a9003a4307000080fa0070
:100800003400f9004f03be004f02be004f01be008e
:100810004f00be003600f900004006003400f8002a
:10082000881f780008002000a80188004f04780085
:100830000000fa008680a9000080fa003400f90068
:10084000004006003600f800809fbe00829fbe0078
:10085000849fbe00869fbe003400f8000000200088
:10086000a00188000000fa00282b07008580a9005d
:100870000080fa003400f9004f03be004f02be00b2
:100880004f01be004f00be003600f90000400600d8
:100890003600f800809fbe00829fbe00849fbe008d
:1008a000869fbe003400f80000002000a0018800f0
:1008b0000200fa00182b07000e00e8006829070064
:1008c000004f78001e4078000004e0001000320065
:1008d00064c8bf000080fb001e419000e18f210032
:1008e0008270780064c8bf000040e80064e8b70088
:1008f000218620009140780064c8bf0080cf50005e
:1009000003003a006468ef0010c0b30063e8b7006a
:100910008560a9000080fa003400f9004f03be0092
:100920004f02be004f01be004f00be003600f9006e
:1009300000400600801f78003400f800000020000e
:10094000a00188000000fa0010c0b3000fe8b70053
:100950001fe1a9008780a9000080fa003400f90097
:100960004f007800004006000000fa008020a90037
:10097000ffff37000000fa008060a900ffff37008a
:100980000000fa008040a900ffff37000000fa00d5
:100990008080a900ffff37000000fa0080a0a900b6
:1009a000ffff37000000fa008020a900ffff37009a
:1009b0000000fa008060a900ffff37000000fa0085
:1009c0008040a900ffff37000000fa008080a900e6
:1009d000ffff37000000fa0080a0a900ffff3700ea
:1009e0000040da000000fe00000005003200f800c0
:1009f000023b8800910188000008bb000500fc0054
:100a000051052000313b8800a10a2000313b8800bd
:100a100061e7a80000000000000000003200f900bb
:100a2000000006000400a100010037000400a0003f
:100a30003200f8009101880011002400013b880079
:100a4000f10f20003208bb000400a700b2007800bc
:100a50000198bb008301e900faff3a0068015100e8
:100a60000400a70068015100680050001208bb0094
:100a7000e2ff3700f30f20003200f80091018800f8
:100a800031002400013b88000208bb000388bb0042
:100a9000daff37003200f800003b8800d7ff37004c
:100aa0003200f80091018800800278006200400066
:100ab0003549ba00e08048003204e0000410a70085
:100ac000100032008301e9000e0032002549ba000f
:100ad0003204e0000410a7000a0032008301e9009c
:100ae000080032000408a300eeff320015c9ba0066
:100af0003204e0000410a700020032008301e90084
:100b0000e8ff3a003200f9000000060003f0a200fe
:100b1000889fbe008a9fbe008c1f7800b10007002e
:100b2000b80033006450e1004f0032006420e1005f
:100b30005200320003826c0007003b000905d00020
:100b40000306d000820f54000c065d00020039003d
:100b50000200320089017800030678008582550082
:100b600004003d000003fd008103fd008502ea0052
:100b70008b854200840f720002003b006000100071
:100b8000e08018006011b8000005eb007a28e10051
:100b90000a00390006007800c75ddd00f707b200e3
:100ba000878075002d003700828171000a0178006e
:100bb000610560008180d1000080d3008502e900da
:100bc000f9ff3b00060440008784480002003b0018
:100bd00060041400e0841c000988a30007003200b0
:100be0008a81710082817100610164008904d100f1
:100bf0000884d3008b05e800170037000978a300ac
:100c000013003a000b00e000130034008b05e900ec
:100c10000804440089844c000a4474000978a30045
:100c20000d003a000b00e000070034008b05e900de
:100c30000804440089844c0001003a000b002000a5
:100c40000978a300f7ff32000001eb000200370033
:100c5000828171000a017800270007000cf0a700cc
:100c600001f0a000700037006420e10002003a00ab
:100c7000838f6c00700033000801be000200be00cc
:100c8000690037000001be00410007000470a700a2
:100c900003f0a10003f8a30013003a006509b100b6
:100ca00010003200090035006928e100020035001b
:100cb000010028000000050000004000818048007d
:100cc0008502e900fcff3a0000000600f88f4200b0
:100cd000050035008100d1000080d3008502e800c6
:100ce000fcff3a00000006008000eb000000050059
:100cf0006011b8009a003700810020006180550023
:100d00000b003d000b00200061fe2f000100e10000
:100d10001d00340082817100610164008904d100ea
:100d20000884d3000000e800faff3a0071002000b8
:100d300061006400030070000200600009003200de
:100d400061044400e0844c000988a50005003200dd
:100d50008b05e8006808e10002003a008904d10030
:100d60000884d300f20f20000258e10005003d0086
:100d7000c75ddd00f907b2008980750008007800c2
:100d8000000006000bf827008b007800000005002b
:100d9000c70ade00f107b200f50fb200080032000a
:100da000e1cf4200020032000170a00024000500e3
:100db000810f7000010032000408050044000500a6
:100dc000810f700002003a00140005008502e9005e
:100dd0000000400081c04800fcff3b000170a00003
:100de000240005000004be00e9ff07000003be0068
:100df0000405be000200be00e5ff0700844f750039
:100e0000000006000200be006450e100050036004c
:100e10006420e100020036000968a30001003a00e6
:100e20000800be000160a0004f0678004f05be001c
:100e30004f04be0000000600f0ff2f00f1ff270066
:100e4000f9ff3700889fbe008a9fbe008c1f780084
:100e5000e4ff0700ebff330003866c006450e10001
:100e6000240032006420e100270032006150e100dc
:100e7000220032006120e100210032008b85420017
:100e8000eb07b1000134b800003ab8000804420092
:100e900089844a00013ab8000030b80088804000d8
:100ea00009014a000400330000004000818048002e
:100eb000020149008b05e900c909dd0083017000ca
:100ec0000100320013002000c814de004814dd00c9
:100ed0004709de001200b200c808de000884700076
:100ee00085ff070001f0a1000cf0a70001f0a000b1
:100ef000cdff37006120e100cfff32000801be00c6
:100f00000200be00f7ff37006150e100fcff3a002d
:100f1000c9ff37006022b800060220000000d000a0
:100f20008180d2000482d2008582d2000000a0001d
:100f30000202520083825a00030031000202420082
:100f400083824a000000a1000603e900f3ff3a0093
:100f500000000600efff07000400be0000000600ce
:100f6000889fbe008a9fbe0000827000040271004c
:100f700004827100260032000004be000200be00a0
:100f80006011b8006b092000950220000182cf009b
:100f90000a0039000541b1000082cf000700390086
:100fa0000541b1000982cf00040039000541b100bc
:100fb0000882cf00010039000541b100054252000e
:100fc000120032000a003b0082817100610164005e
:100fd0008100d1000080d3008984d3000884d3002d
:100fe0008b05e8000442e800f7ff3a0007003700ed
:100ff0000804440089844c000000480081804800b7
:101000008b05e9000442e900f9ff3a003aff0700c6
:101010004f05be004f04be0000000600a2002000e5
:101020008000eb000e0037008001780002003700de
:10103000b15978000201e9000200e000fcff3a002b
:101040000000060080017800020037008159780016
:101050000201e9000200e000fcff3a000000060087
:10106000ee874700889fbe008a9fbe008c9fbe000f
:101070008e1f7800f0b79f00010678008205780087
:1010800000047800080578000a047800b846780063
:101090000d00fb008e0007000000e000f9ff3a00a1
:1010a000d0c2b30080cf56000300320000c0e90078
:1010b00080cf560002003a000a05e8000100370020
:1010c000804678000b00e00005003500e18f5500f8
:1010d0000300320040022000808f550006003400db
:1010e0006044b8000c00e000720032007fb097004e
:1010f000000e7800480037000b00e0000e003200c0
:10110000f08f55001a003a0000c3b3009a4f100048
:1011100017003a001a40900081c7b300814f500079
:101120000300320081c5b300814f500010003a0027
:101130000a85e8000e003700ab00200000c3b300b2
:101140009a4f10000a003a001a40900081c7b3007d
:10115000814f5000040032008b00200081c5b30095
:10116000814f500002003a000a85e8000b01200080
:101170000a007800000278000400780001c3b30080
:10118000b0cf1000fbff3200040778006044b800c5
:10119000b4b79f000d00370021902100814050001e
:1011a000c1ef9f006159b9000800be006700070049
:1011b0004fea97000401fb00cf91de00c8b79f0003
:1011c000d9b79f0002044000838448008e02780053
:1011d0003e00fb0085bf9f00450007000b01780023
:1011e00080007800209021004e0007008fba970001
:1011f0000000e000e8ff3a003fb29700850f55007d
:1012000007003a006044b8000c00e00029003200fa
:10121000ffb29700050e78006044b8002500370043
:10122000048252007092210060c07d000000fb002b
:10123000000252001700330011003a004fe99700f6
:101240000200fb00cf80de000000540081805c00c3
:10125000800f5400818f5c00090039006159b9008a
:1012600085bf9f002bff07008fba97004fb19700f3
:10127000dfb19700820f5000838f580005003200c5
:1012800020022000d03f8a000084eb008084eb0025
:1012900005003700d0c2b30080cf560002003a00ec
:1012a00060041400e0841c000c00e0000100320027
:1012b000050e78000800be004f0778004f06be00fc
:1012c0004f05be004f04be00ef00b1000000060055
:1012d0006900e100040035006d00e1000300340006
:1012e0000002b100010032000000050010000500fe
:1012f000800078001104b100030035009101b100b5
:1013000001003c000050a00000000600e03f820009
:101310000000e0000100320000000100a07f240076
:101320000000060003003700b0cf100005003200b7
:101330000201e900800178000200e000faff3a00b3
:10134000000005000300780000000600020ab90052
:10135000001bb9000200b800810042008100430078
:041360000000060083
:020000040000fa
:101364004d520000204700007261000064690000d3
:10137400656e000074200000546500006d7000006c
:101384006572000061740000757200006520000041
:101394004d6500006173000075720000656d00000a
:1013a400656e000074200000556e00006974000032
:1013b4000046000057200000563100002e33000084
:1013c400004500004c2d0000323600002d35000091
:1013d400352d0000303000000020000080010000a6
:1013e40000c00000fe000000000000000400000037
:1013f400080e000038310000080d000038310000ec
:10140400101e000038310000201f00003831000099
:1014140000000000000000000000000000000000c8
:1014240000000000000000000000000000000000b8
:101434008002000000c00000fe0000000000000068
:1014440002000000200f00003831000020100000ce
:10145400383100000000000000000000000000001f
:101464000000000000000000000000000000000078
:101474000000000000000000000000000000000068
:10148400000000008003000000c00000fe00000017
:1014940000000000010000002011000038310000ad
:1014a400201200003831000000000000000000009d
:1014b4000000000000000000000000000000000028
:1014c4000000000000000000000000000000000018
:1014d40000000000000000008004000000c00000c4
:1014e400fe000000000000000100000020130000c6
:1014f40038310000201400003831000000000000e2
:1015040000000000000000000000000000000000d7
:1015140000000000000000000000000000000000c7
:1015240000000000000000000000000000000000b7
:1015340000000000000000000000000000000000a7
:101544000000000000000000000000000000000097
:101554000000000000000000000000000000000087
:101564000000000000000000000000000000000077
:101574000000000000000000000000000000000067
:101584000000000000000000000000000000000057
:101594000000000000000000000000000000000047
:1015a4000000000000000000000000000000000037
:1015b4000000000000000000000000000000000027
:1015c4000000000000000000000000000000000017
:1015d40000000000010000000000000000380000ce
:1015e40031000000ef8900000100000080000000cd
:1015f4000000000001380000310000000046000037
:101604000500000001000000000000000238000096
:101614003100000000080000050000008000000008
:101624000000000003380000310000008046000084
:101634000500000001000000000000000438000064
:101644003100000001080000050000000100000056
:10165400000000000538000031000000020800000e
:10166400050000000400000000000000063800002f
:10167400310000005a0800000500000001000000cd
:10168400000000000738000031000000600800007e
:101694000500000001000000000000000838000000
:1016a400310000005e080000050000000100000099
:1016b4000000000009380000310000005f0800004d
:1016c4000500000001000000000000000a380000ce
:1016d4003100000061080000050000002000000047
:1016e400000000000b3800003100000074140000fa
:1016f4000500000001000000000000000c3800009c
:10170400310000000808000005000000010000008e
:10171400000000000d380000310000002208000025
:101724000500000001000000000000000e38000069
:101734003100000024080000010000000400000043
:10174400000000000f3800003100000004470000d2
:101754000100000004000000000000001038000038
:1017640031000000084700000100000004000000f0
:101774000000000011380000310000000c47000098
:101784000100000004000000000000001238000006
:1017940031000000104700000100000004000000b8
:1017a400000000001338000031000000144700005e
:1017b40001000000040000000000000014380000d4
:1017c4003100000018470000010000000400000080
:1017d400000000001f380000310000001c4700001a
:1017e40001000000010000000000000015380000a6
:1017f4003100000054080000050000000100000052
:1018040000000000163800003100000055080000f8
:10181400050000000100000000000000173800006f
:1018240031000000c41400000500000001000000a5
:10183400000000001838000031000000c614000049
:10184400050000000100000000000000193800003d
:1018540031000000560800000500000004000000ec
:10186400000000001a380000310000000a080000df
:101874000100000001000000000000001b3800000f
:1018840031000000570800000500000001000000be
:10189400000000001c38000031000000580800005f
:1018a4000500000001000000000000001d380000d9
:1018b40031000000030800000100000002000000e5
:1018c400000000001e380000310000007208000013
:1018d40001000000010000000000000020380000aa
:1018e4003100000059080000050000002900000034
:1018f400000000000008000010000000b289000091
:10190400010000000800000000000000000a0000c0
:1019140010000000db890000010000000c00000042
:10192400000000000009000010000000e38900002e
:10193400010000002000000000000000002c000056
:1019440031000000741400000500000020000000b5
:101954000000000001230000310000009414000086
:10196400050000001000000000000000012c000031
:1019740031000000b4140000050000000400000061
:1019840000000000022300003100000036080000bf
:101994000500000004000000000000000323000014
:1019a400310000003a0800000500000004000000b7
:1019b4000000000004230000310000003e08000085
:1019c40005000000040000000000000005230000e2
:1019d4003100000042080000050000000100000082
:1019e400000000000000000014000000e0150000ea
:1019f40001000000040000000000000001000000dd
:101a0400140000008c150000150000000100000007
:101a14000000000002000000140000009015000007
:101a24001500000002000000000000000300000098
:101a340014000000921500001500000001000000d1
:101a440000000000000000001600000094150000d3
:101a54001500000004000000000000000100000068
:101a64001600000096150000150000000400000098
:101a74000000000002000000160000009a1500009b
:101a84001500000004000000000000000300000036
:101a9400160000009e150000150000000400000060
:101aa400000000000400000016000000a215000061
:101ab4001500000004000000000000000500000004
:101ac40016000000a6150000150000000400000028
:101ad400000000000600000016000000aa15000027
:101ae40015000000040000000000000007000000d2
:101af40016000000ae1500001500000004000000f0
:101b0400000000000800000016000000b2150000ec
:101b140015000000010000000000000000000000ab
:101b240018000000e015000001000000040000009f
:101b3400000000000100000018000000b6150000bd
:101b44001500000001000000000000000200000079
:101b540018000000ba150000150000000200000083
:101b6400000000000300000018000000bc15000085
:101b7400150000000100000000000000000000004b
:101b84001a000000be15000015000000040000004b
:101b940000000000010000001a000000c015000051
:101ba4001500000004000000000000000200000016
:101bb4001a000000c4150000150000000400000015
:101bc40000000000030000001a000000c815000017
:101bd40015000000040000000000000004000000e4
:101be4001a000000cc1500001500000004000000dd
:101bf40000000000050000001a000000d0150000dd
:101c040015000000040000000000000006000000b1
:101c14001a000000d41500001500000004000000a4
:101c240000000000070000001a000000d8150000a2
:101c3400150000000400000000000000080000007f
:101c44001a000000dc15000015000000040000006c
:101c540000000000000500001000000058150000fe
:101c6400150000000100000000000000000b00004f
:101c7400300000001a1600000500000004000000f7
:101c840000000000010b0000300000001c160000e2
:101c9400150000000400000000000000020b00001a
:101ca40030000000201600001500000004000000b1
:101cb40000000000040b00003000000028160000a3
:101cc400150000000400000000000000050b0000e7
:101cd400300000002c160000150000000400000075
:101ce40000000000070b0000300000003416000064
:101cf400150000000400000000000000080b0000b4
:101d04003000000038160000150000000400000038
:101d140000000000090b0000300000003c16000029
:101d24001500000004000000000000000a0b000081
:101d34003000000040160000050000000400000010
:101d4400000000000b0b00003000000044160000ef
:101d54001500000004000000000000000c0b00004f
:101d640030000000481600001500000004000000c8
:101d7400000000000d0b0000300000004c160000b5
:101d84001500000004000000000000000e0b00001d
:101d940030000000501600000500000004000000a0
:101da400000000000f0b000030000000541600007b
:101db400150000000400000000000000100b0000eb
:101dc4003000000058160000150000000400000058
:101dd40000000000110b0000300000005c16000041
:101de400150000000400000000000000120b0000b9
:101df4003000000060160000050000000400000030
:101e040000000000130b0000300000006416000006
:101e1400150000000400000000000000140b000086
:101e240030000000681600001500000004000000e7
:101e340000000000150b0000300000006c160000cc
:101e4400150000000400000000000000160b000054
:101e540030000000701600000500000004000000bf
:101e640000000000170b0000300000007416000092
:101e7400150000000400000000000000180b000022
:101e84003000000078160000150000000400000077
:101e940000000000190b0000300000007c16000058
:101ea4001500000004000000000000001a0b0000f0
:101eb400300000008016000005000000040000004f
:101ec400000000001b0b000030000000841600001e
:101ed4001500000004000000000000001c0b0000be
:101ee4003000000088160000150000000400000007
:101ef400000000001d0b0000300000008c160000e4
:101f04001500000004000000000000001e0b00008b
:101f140030000000901600000500000004000000de
:101f2400000000001f0b00003000000094160000a9
:101f3400150000000400000000000000200b000059
:101f44003000000098160000150000000400000096
:101f540000000000210b0000300000009c1600006f
:101f6400150000000200000000000000220b000029
:101f740030000000a016000015000000040000005e
:101f840000000000230b000030000000a616000033
:101f9400150000000400000000000000240b0000f5
:101fa40030000000aa160000150000000400000024
:101fb40000000000250b000030000000ae160000f9
:101fc400150000000200000000000000260b0000c5
:101fd40030000000b21600001500000002000000ee
:101fe40000000000000b000010000000cc140000f2
:101ff40015000000020000000000000000000000c6
:1020040021000000ca1400001500000004000000b4
:10201400000000000010000010000000bc160000ca
:102024000500000004000000000000000110000092
:1020340010000000c01600000500000004000000ad
:10204400000000000210000010000000c416000090
:102054000500000004000000000000000310000060
:1020640010000000c8160000050000000400000075
:10207400000000000410000010000000cc16000056
:102084000500000004000000000000000011000032
:1020940010000000d016000005000000040000003d
:1020a400000000000111000010000000d81600001c
:1020b4000500000004000000000000000211000000
:1020c40010000000dc160000050000000400000001
:1020d400000000000311000010000000e0160000e2
:1020e40005000000040000000000000004110000ce
:1020f40010000000e01600000500000000000000d1
:1021040000000000000000000000000000000000cb
:1021140000000000010000000001000000010000b8
:1021240001000000000100000100000001000000a7
:102134000001000000010000010000000100000097
:102144000001000001000000000100000001000087
:102154000100000000010000010000000100000077
:102164000001000001000000000100000001000067
:102174000100000001000000000100000001000057
:102184000100000000010000010000000100000047
:102194000001000000010000010000000100000037
:1021a4000001000001000000000100000001000027
:1021b4000100000001000000000100000001000017
:1021c4000100000000010000010000000100000007
:1021d40000010000010000000001000000010000f7
:1021e40001000000000100000100000001000000e7
:1021f40000010000000100000100000001000000d7
:1022040000010000010000000001000000010000c6
:10221400010000005a0800000400000060080000eb
:10222400010000005e080000010000005f080000db
:102234000100000074140000200000009414000049
:1022440020000000b4140000100000005408000036
:10225400010000005508000001000000c414000043
:1022640001000000c6140000010000005608000030
:102274000100000036080000040000003a080000d5
:10228400040000003e0800000400000042080000b2
:1022940004000000590800000100000000000000d4
:1022a400000000006400000064000000506c0000a6
:1022b4006400000065000000ee6b00006600000092
:1022c4006a0000002e6d0000660000006700000038
:1022d400a86d00006600000069000000d26d0000d7
:1022e400650000006a000000ae6c0000650000009c
:1022f40067000000a86d0000650000006900000090
:10230400d26d00000000000000000000000000008a
:1023140000000000648700000c8800002c88000086
:1023240043310000525800004f560000463100006f
:102334000043000031520000584f00005646000090
:102344003200000054580000425500004646000088
:10235400554c000000000000020300001e1d000098
:102364000004000005060000070100001b1800001f
:1023740017160000151000000f0e00000d0c0000d1
:042384000b0000004a
:020000040000fa
:102388000200fa00000f78001e0078008040eb0081
:10239800514098001e0078008000eb00210898004a
:1023a8001e0178006000b8007001980001099800cb
:1023b8001e007800900090000120a10011009800f4
:1023c8001e007800900090000100a1001100980004
:1023d8001e007800900090000110a10011009800e4
:1023e8001e007800900090000130a10011009800b4
:1023f8001e007800900090000140a1001100980094
:102408001e007800900090000170a1001100980053
:102418001e007800900090000160a1001100980053
:102428001e007800900090000180a1001100980023
:102438001e007800900090000190a1001100980003
:102448001e0078009000900001a0a10011009800e3
:102458001e0178006000b800300998004109980012
:102468001e0178006000b8005001980061019800d2
:102478001e0078008000eb00511098001e017800c3
:102488006000b800601198007111980002082000df
:102498009e0041001e007800011898001e00780078
:1024a8008040eb00215898001e00780090009000b2
:1024b8000150a100110098001e0078008040eb0038
:1024c800416098001e0078008000eb001110980011
:1024d8001e00780061c0b300016098000108200068
:1024e8001e804000a20220008000eb00d3fa070003
:1024f8000080fa00000006002800fa000017980083
:102508001217980023179800311798000e109000a2
:10251800900078000058200080804000f07f200064
:1025280080806000f07f2000008060004200dd00b5
:102538005e01900031002e008100610001007000f2
:1025480050079800ee00900000ff2f000080600008
:102558000030a000600798006e0090000040a100c5
:10256800600798006000b800200f9800310f9800ad
:102578006000b800000f9800110f98000e1090002e
:1025880010009000700060000000e0004c00320075
:1025980020ccb300005798001e109000004078002f
:1025a800405798001e109000ae1090004809dd00ba
:1025b8004800de0000007100c808de000040780016
:1025c800505798001e109000ae1090004008de0092
:1025d80000407800605798001e109000ae109000e0
:1025e8004808de0000407800705798000e109000f0
:1025f800e0009000500090000040780030579800ac
:102608000e109000e000900050009000c809dd0016
:102618004800de0000807100c808de000040780035
:10262800105798000e109000e000900050009000a5
:102638004008de0000407800205798000e109000f7
:10264800be109000511098000e1190006000b80064
:1026580060119800711198000e1090001e119000e2
:10266800ae11900072009800030898000e109000b8
:1026780000209000500190000e1090000020900063
:10268800e8004700020001000e1090008040eb00b7
:10269800414098000e1190006000b8003001980089
:1026a800410198001e109000ae109000e00f5000fd
:1026b800e08f580028013a00300020002701370039
:1026c8001e119000ae119000400020000100200073
:1026d800800f5100818f59003f00360010c4b300ad
:1026e800005798001e10900000407800405798004e
:1026f8001e109000ae109000c809dd004800de00f2
:1027080000807100c808de0000407800505798002b
:102718001e109000ae1090004008de0000407800c7
:10272800605798001e109000ae1090004808de0018
:1027380000407800705798000e109000e00090005c
:102748005000900000407800305798000e1090001c
:10275800e0009000500090004809dd004800de00cd
:1027680000007100c808de0000407800105798008b
:102778000e109000e0009000500090004008de002d
:1027880000407800205798000e109000be1190006d
:10279800531098000e1190006000b8006011980066
:1027a800711198000e1090001e119000ae1190004b
:1027b80072009800030898000e1090000020900006
:1027c800500190000e10900000209000e800470093
:1027d80002000100e00037001e109000ae109000cb
:1027e8002200200003002000820f5000838f580031
:1027f800490032002200200003002000820f500010
:10280800838f580006003e001200200003002000bd
:10281800820f5000838f58000c0032009700370059
:102828003200200003002000820f5000838f5800e0
:10283800620032004200200003002000820f500096
:10284800838f58005f0032008c003700f0c4b3005b
:10285800005798000e109000201890000000e0002b
:10286800030032000e1090002018900000000100b4
:102878003e109000104078000001fb00cf91de0070
:10288800f00f200001002000020278000301780008
:1028980080017800010078000302620000006100f6
:1028a8008000eb00c000dd00000020000001be0039
:1028b8006120b80000017100818171002207980031
:1028c800330798000e10900060389000301f780091
:1028d800201778000e109000301890000000e000db
:1028e800030032000e109000301890000000010024
:1028f8003e10900010407800405798000040eb00d0
:10290800505798000040eb00605798000040eb00db
:102918007057980059003700b0c4b30000579800aa
:102928000e109000201890000000e0000300320014
:102938000e10900020189000000001003e1090003a
:1029480010007800cf80de0020079800310798003b
:102958000e10900060389000301f78002017780023
:102968000e109000301890000000e00003003200c4
:102978000e10900030189000000001002e0090000a
:1029880000407800405798002e009000be0090004c
:10299800c809dd004800de0000807100c808de00bc
:1029a80000407800505798000040eb0060579800ae
:1029b8000040eb00705798003000370030002000ce
:1029c8006600370030c4b300005798000e1090001e
:1029d800201890000000e000030032000e10900064
:1029e80020189000000001003e1090001001be0069
:1029f80022079800330798000e1090006038900066
:102a0800301f7800201778000e10900030189000c2
:102a18000000e000030032000e1090003018900013
:102a2800000001002e0090000040780040579800f8
:102a38002e009000be009000c809dd004800de00ae
:102a480000807100c808de000040780050579800e8
:102a58002e009000be0090004008de000040780084
:102a6800605798002e009000be0090004808de00d5
:102a78000040780070579800000000000e10900089
:102a8800e000900050009000004078003057980017
:102a98000e109000e0009000500090004809dd0002
:102aa8004800de0000007100c808de000040780021
:102ab800105798000e109000e00090005000900011
:102ac8004008de0000407800205798000e10900063
:102ad80000209000500190000e10900000209000ff
:102ae800e8004700020001000e109000e00090008e
:102af80050009000c809dd004800de000080710029
:102b0800c808de00800078000e109000e005b000d4
:102b1800f83907000e109000703890000000e000af
:102b28000b0032000e109000f03b90000e10900049
:102b3800e0009000500090000e119000523b900071
:102b48001e02be000001be0006007800070001005a
:102b58000e1090000afe07000000eb000080fa004b
:102b6800000006002c00fa001017980022179800a1
:102b78003317980041179800541798001e109000ba
:102b8800900078000058200080804000f07f2000ee
:102b980080806000f07f2000008060004200dd003f
:102ba8006e01900031002e0081006100010070006c
:102bb80060079800fe00900000ff2f000080600072
:102bc8000030a000700798007e0090000040a1002f
:102bd800700798006000b800300f9800410f980007
:102be8006000b800100f9800210f98005e10900048
:102bf8008048900000ccb30080cf50002d003a00f0
:102c080000cab300205798000040eb0060579800b6
:102c18000040eb00705798000040eb00005f980000
:102c28000040eb00105f98000040eb005057980000
:102c38000040eb00305798000040eb0040579800e8
:102c48001e1090008040eb00414098001e1090003c
:102c580001082000808040001e109000511098004c
:102c68001e1190006000b800601198007111980062
:102c78001e109000900090000140a00011009800e4
:102c88001e109000900090000150a10011009800c3
:102c98001e10900000209000500190001e1090001f
:102ca80000209000ea004700020001000000eb004d
:102cb800bc0237005e1090008048900020ccb30022
:102cc80080cf5000050032005e10900080489000d0
:102cd80060ccb30080cf50008d003a001e109000e9
:102ce800900090000170a0001100980000cab30085
:102cf800205798001e1090000060900060579800c0
:102d08000040eb00705798000040eb00005f98000f
:102d18000040eb00105f98001e109000e00090004b
:102d28005000900000407800505798001e10900006
:102d3800e0009000500090004809dd004800de00e7
:102d480000007100c808de00004078003057980085
:102d58001e109000e0009000500090004008de0037
:102d680000407800405798001e1090008040eb000b
:102d7800414098001e1190006000b8003001980092
:102d8800410198005e109000704890000080fb00a0
:102d98008000eb001e119000700198000109980056
:102da8001e10900070019000800990004818dd0006
:102db800c810de00810070004810dd001e11900070
:102dc80070019800010998001e1090007001900091
:102dd800800990005e109000604890000080fb0021
:102de8008000eb0000007100818071001e119000ce
:102df80070019800010998001e1090007001900061
:102e0800800990004818dd00c810de0081007000bd
:102e18004810dd001e11900070019800010998000b
:102e28001e10900070019000800990005e109000c4
:102e3800504890000080fb008000eb00000071000b
:102e4800818071001e11900070019800010998009e
:102e58001e10900070019000800990004818dd0055
:102e6800c810de00810070004810dd001e119000bf
:102e780070019800010998001e10900070019000e0
:102e8800800990005e109000404890000080fb0090
:102e98008000eb0000007100818071001e1190001d
:102ea80070019800010998001e1090000108200088
:102eb800808040001e109000511098001e11900054
:102ec8006000b80060119800711198001e10900001
:102ed800900090000140a000110098001e10900082
:102ee800900090000150a100110098001e10900061
:102ef80000209000500190001e10900000209000cb
:102f0800ea004700020001000000eb00250237003c
:102f18005e1090008048900010c2b30080cf50002f
:102f280093003a0000c6b300205798002e10900076
:102f380000407800605798002e109000be10900056
:102f4800c809dd004800de0000807100c808de0006
:102f580000407800705798002e109000be10900026
:102f68004008de0000407800005f98002e109000b6
:102f7800be1090004808de0000407800105f9800fe
:102f88001e109000e0009000500090000040780073
:102f9800505798001e109000e000900050009000dc
:102fa8004809dd004800de0000007100c808de00a6
:102fb80000407800305798001e109000e000900004
:102fc800500090004008de0000407800405798000c
:102fd8001e109000ce119000531098001e11900002
:102fe8006000b80060119800711198005e109000a0
:102ff800704890000080fb008000eb001e119000dc
:1030080070019800010998001e109000700190004e
:10301800800990004818dd00c810de0081007000ab
:103028004810dd001e1190007001980001099800f9
:103038001e10900070019000800990005e109000b2
:10304800604890000080fb008000eb0000007100e9
:10305800818071001e11900070019800010998008c
:103068001e10900070019000800990004818dd0043
:10307800c810de00810070004810dd001e119000ad
:1030880070019800010998001e10900070019000ce
:10309800800990005e109000504890000080fb006e
:1030a8008000eb0000007100818071001e1190000b
:1030b80070019800010998001e109000700190009e
:1030c800800990004818dd00c810de0081007000fb
:1030d8004810dd001e119000700198000109980049
:1030e8001e10900070019000800990005e10900002
:1030f800404890000080fb008000eb000000710059
:10310800818071001e1190007001980001099800db
:103118001e10900070019000800990002e10900001
:10312800be109000800f5100818f590002003600b8
:10313800800020009b0137001e1090002e11900087
:10314800be11900072009800030898001e109000ad
:1031580000209000500190001e1090000020900068
:10316800ea004700020001000000eb008d01370073
:103178005e10900080489000f0c2b30080cf5000ed
:1031880067003a002e119000be1190001000200038
:1031980001002000800f5100818f59000200320089
:1031a800300020007f0137001e109000201890008a
:1031b8000000e000030032001e109000201890006c
:1031c800000001005e1090004048900080407800a8
:1031d8004e109000014878001e10900030189000a2
:1031e8000000e000030032001e109000301890002c
:1031f8000000010000c6b300205798000040eb0013
:10320800605798000040eb00705798000040eb00b2
:10321800005f98000040eb00105f98001e109000bf
:10322800e00090005000900000407800505798004f
:103238001e109000e000900050009000c809dd00ca
:103248004800de0000807100c808de0000407800f9
:10325800305798001e109000e00090005000900039
:103268004008de0000407800405798000000eb005e
:10327800000f78001e109000601890000000e00019
:10328800070032001e109000601990001e10900078
:10329800e00090005000900002000100000f78004c
:1032a8001e0078000000e000050032009e00780053
:1032b8001e1090003d0107001e00780039013700fc
:1032c8001e10900000209000500190001e109000e9
:1032d80000209000ea004700020001001e10900044
:1032e800e0009000500090004809dd004800de0032
:1032f80000007100c808de0080007800f0ff2000a0
:10330800808060001e1090002004b000f93707008c
:103318001e1090001afc07000000eb002101370086
:103328005e10900080489000b0c2b30080cf50007b
:1033380076003a002e119000be1190002000200067
:1033480001002000800f5100818f590002003200d7
:1033580030002000130137001e1090002018900044
:103368000000e000030032001e10900020189000ba
:1033780000000100ce119000330798005e10900005
:10338800504890008080fb003e00900001087800c3
:103398003e00900010007800c800dd003e0090005c
:1033a800010878003e009000900078005e109000c0
:1033b800404890000080fb00810070003e009000b3
:1033c800010878001e109000301890000000e000fe
:1033d800030032001e109000301890000000010019
:1033e80000c6b300205798000040eb0060579800d3
:1033f8000040eb00705798000040eb00005f980019
:103408000040eb00105f98001e109000e000900054
:103418005000900000407800505798001e1090000f
:10342800e0009000500090004809dd004800de00f0
:1034380000007100c808de0000407800305798008e
:103448001e109000e0009000500090004008de0040
:1034580000407800405798000000eb0010079800e3
:103468001e109000601890000000e0000700320075
:103478001e109000601990001e109000e00090004f
:103488005000900002000100100798001e009000f4
:103498000000e000050032009e0090001e10900021
:1034a800c20007001e009000be0037001e109000ea
:1034b80000209000500190001e1090000020900005
:1034c800ea004700020001001e109000e000900092
:1034d80050009000c809dd004800de00008071003f
:1034e800c808de0080007800f0ff200080806000bf
:1034f8001e1090002004b0007e3707001e109000b8
:103508009ffb07000000eb00a60037005e1090004c
:103518008048900030c2b30080cf5000a0003a002d
:103528002e119000be1190004000200001002000e4
:10353800800f5100818f59000200320030002000b6
:10354800980037001e109000201890000000e0003e
:10355800030032001e1090002018900000000100a7
:10356800ce109000410798005e10900070489000bf
:103578000080fb008000eb004e0190000089be0037
:103588004e0090001001be004818dd00c810de0093
:10359800810070004810dd004e0190000089be00d7
:1035a8004e0090001001be005e1090006048900030
:1035b8000080fb008000eb0000007100818071003a
:1035c8004e0190000089be004e0090001001be0020
:1035d8004818dd00c810de00810070004810dd00ca
:1035e8004e0190000089be004e0090001001be0000
:1035f8005e109000504890000080fb008000eb00b7
:1036080000007100818071004e0190000089be00a9
:103618004e0090001001be004818dd00c810de0002
:10362800810070004810dd004e0190000089be0046
:103638004e0090001001be005e10900040489000bf
:103648000080fb008000eb000000710081807100a9
:103658004e0190000089be001e10900030189000a6
:103668000000e000030032001e10900030189000a7
:103678000000010000c6b300205798000040eb008e
:10368800605798000040eb00705798000040eb002e
:10369800005f98000040eb00105f98001e1090003b
:1036a800e0009000500090000040780050579800cb
:1036b8001e109000e0009000500090004809dd00c6
:1036c8004800de0000007100c808de0000407800f5
:1036d800305798001e109000e000900050009000b5
:1036e8004008de0000407800405798000000eb00da
:1036f800200798001e109000601890000000e0005d
:10370800070032001e109000601990001e109000f3
:10371800e00090005000900002000100200798008f
:103728002e0090000000e00005003200ae0090007e
:103738001e1090001d0007002e0090001900370091
:103748001e10900000209000500190001e10900064
:1037580000209000ea004700020001001e109000bf
:10376800e000900050009000c809dd004800de002d
:1037780000807100c808de0080007800f0ff20009b
:10378800808060001e1090002004b000d936070029
:103798001e109000fafa07000000eb000100370045
:1037a800300020000080fa00000006002000fa0027
:1037b800600f9800710f98006e08900090007800d4
:1037c8000058200080804000f07f2000808060004a
:1037d800f07f2000008060004200dd003e01900084
:1037e80031002e0081006100010070003007980050
:1037f800ce00900000ff2f00008060000030a00085
:10380800400798004e0090000040a1004007980033
:103818006000b800000f9800110f98006000b80011
:1038280060079800710798007e0890000000e0008b
:10383800740034007e0890006101b9000080eb003c
:103848008080eb000200400083804800a200200036
:1038580003002000820f5000838f580038003e007c
:10386800006001000a0037000d0037001000370023
:103878001300370016003700190037001c00370006
:103888001f003700220037002500370028003700c6
:103898000000200021602000008fbe0028003700b3
:1038a8000000200001802000008fbe0024003700a7
:1038b8000001200071602000008fbe00200037004a
:1038c8000000200031502000008fbe001c0037008f
:1038d8000000200041502000008fbe001800370073
:1038e8001000200011602000008fbe001400370077
:1038f8002000200011602000008fbe00100037005b
:103908005000200041502000008fbe000c003700fe
:103918000000200061602000008fbe000800370012
:103928000002200001802000008fbe000400370044
:103938002002200001802000008fbe00000000004f
:1039480000c8b300404f98006e089000e000900057
:103958005000900000407800704f98006e0890006a
:10396800e0009000500090004809dd004800de00ab
:1039780000007100c808de0000407800504f980031
:103988006e089000e0009000500090004008de00b3
:1039980000407800604f98001e00780000407800d2
:1039a800005798001e00be004809dd004800de00f0
:1039b80000007100c808de00004078001057980029
:1039c8001e00be004008de00004078002057980026
:1039d8001e00be004808de000040780030579800fe
:1039e8006e08900000209000500190006e08900032
:1039f80000209000e4004700020001006e089000db
:103a08005ffa07000080fa00000006002200fa00b2
:103a1800600f9800720f9800031798006e089000c6
:103a2800900078000058200080804000f07f20003f
:103a380080806000f07f2000008060004200dd0090
:103a48003e01900031002e008100610001007000ed
:103a580030079800ce00900000ff2f000080600023
:103a68000030a000400798004e0090000040a100e0
:103a7800400798006000b800000f9800110f9800e8
:103a88006000b80060079800710798007e099000f0
:103a98008e119000028fbe0000c8b300404f9800fe
:103aa8006e089000e0009000500090000040780000
:103ab800704f98006e089000e00090005000900051
:103ac800c809dd004800de0000807100c808de007b
:103ad80000407800504f98006e089000e000900079
:103ae800500090004008de0000407800604f9800c9
:103af8001e00780000407800005798001e00be00a5
:103b08004809dd004800de0000007100c808de003a
:103b180000407800105798001e00be004008de00e4
:103b280000407800205798001e00be004808de00bc
:103b380000407800305798006e08900000209000f0
:103b4800500190006e08900000209000e4004700ab
:103b5800020001006e08900009fa07000080fa00d0
:103b6800000006001c00fa00400f9800215f980032
:103b7800325f98004e08900090007800007820008e
:103b880080804000f07f200080806000f07f20006f
:103b9800008060004200dd001e01900031002e0010
:103ba800810061000100700010079800ae009000cd
:103bb80000ff2f00008060000010a0002007980080
:103bc8002e0090000040a100200798006000b80077
:103bd80060079800710798006000b80040079800d7
:103be80051079800ae589000014f9800be589000b9
:103bf800114f98004e08900000209000500190004e
:103c08004e089000002090008e007800020001000d
:103c18000080fa00000006000400fa00000f780097
:103c280021479800190037001e00780050119000b5
:103c38001e007800f01090006010900000007800de
:103c480000004100ae409000014878001e00780056
:103c5800f01090006010900061004000e080480083
:103c68001e01780060119800711198001e007800fc
:103c7800c00090003000900061004000e0804800e3
:103c88001e01780030019800410198001e0078005c
:103c980030019000c00190001e007800800890005c
:103ca80070009000800f5100818f5900deff3900ad
:103cb8000080fa00000006000600fa00000f7800f5
:103cc80011079800220798001e007800201890001d
:103cd8000000e000030032001e0078002018900069
:103ce800000001002e0090000000e00012003400e7
:103cf8001e007800501190001e007800f01090000f
:103d08006010900000007800000041009e009000c4
:103d180091489000014878001e007800f01090004b
:103d28006010900061004000e08048001e017800ab
:103d380060119800711198002e009000e10f50005a
:103d4800120034001e007800501190001e00780008
:103d5800f010900060109000000078000000410012
:103d68009e009000a1489000014878001e0078004d
:103d7800f01090006010900061004000e080480062
:103d88001e01780060119800711198002e009000b3
:103d9800e20f5000120034001e007800501190000d
:103da8001e007800f010900060109000000078006d
:103db800000041009e009000b14890000148780042
:103dc8001e007800f0109000601090006100400024
:103dd800e08048001e017800601198007111980079
:103de8002e009000e30f5000120034001e007800ef
:103df800501190001e007800f010900060109000a4
:103e080000007800000041009e009000c14890002a
:103e1800014878001e007800f010900060109000b3
:103e280061004000e08048001e01780060119800a1
:103e3800711198002e009000e40f50001200340019
:103e48001e007800501190001e007800f0109000bd
:103e58006010900000007800000041009e00900073
:103e6800d1489000014878001e007800f0109000ba
:103e78006010900061004000e08048001e0178005a
:103e880060119800711198002e009000e50f500005
:103e9800120034001e007800501190001e007800b7
:103ea800f0109000601090000000780000004100c1
:103eb8009e009000e1489000014878001e007800bc
:103ec800f01090006010900061004000e080480011
:103ed8001e01780060119800711198002e00900062
:103ee800e60f5000120034001e00780050119000b8
:103ef8001e007800f010900060109000000078001c
:103f0800000041009e009000f148900001487800b0
:103f18001e007800f01090006010900061004000d2
:103f2800e08048001e017800601198007111980027
:103f38001e007800301890000000e00003003200f6
:103f48001e00780030189000000001001e00780064
:103f5800d04090002e0090000040780080c04000c3
:103f68001e007800514098001e0078003001900033
:103f7800c00190002e009000cf80de0002004000bb
:103f8800838048001e0178003001980041019800a4
:103f98001e007800100090004300de0061406000c1
:103fa8000004a200e14060001e0078008180fb0050
:103fb800e1806000c308dd00100190000230a1001c
:103fc80082807000110098000000eb000080fa0069
:103fd800000006000600fa00000f7800214798004c
:103fe800220798002e009000e30f500021003200b5
:103ff800e30f500007003c00e10f500013003200af
:10400800e10f500016003c000000e0000a003200fa
:1040180031003700e50f500020003200e50f500056
:1040280019003500e60f500021003200e70f50005c
:1040380024003200280037001e007800ae409000af
:10404800014898000000eb00240037001e007800ab
:10405800ae40900011489800100020001f00370063
:104068001e007800ae4090002148980020002000f3
:104078001a0037001e007800ae40900031489800c2
:1040880030002000150037001e007800ae40900078
:104098004148980040002000100037001e007800ba
:1040a800ae40900051489800500020000b003700a7
:1040b8001e007800ae409000614898006000200023
:1040c800060037001e007800ae4090007148980046
:1040d80070002000010037000080eb000080fa002b
:1040e800000006002200fa00889fbe00600f9800ba
:1040f800710f98000217980010002000000f780038
:104108006e089000900078000058200080804000e1
:10411800f07f200080806000f07f20000080600039
:104128004200dd003e01900031002e008100610058
:104138000100700030079800ce00900000ff2f00ab
:10414800008060000030a000400798004e009000fa
:104158000040a100400798006000b800000f9800d8
:10416800110f98006000b800600798007107980068
:104178000e1090000000e000c8053a007e0890008c
:104188008048900000c8b30080cf500005003a0076
:10419800210020006e08900084fd07002000200008
:1041a800bf0537006e089000100090007000600096
:1041b8000000e000430232006e08900010009000fa
:1041c800640060000000e00005003a0021002000c3
:1041d8006e08900075fd070020002000b00537002c
:1041e8006e08900090009000000820000080600099
:1041f8000000e0001c003a006e0890008018900053
:104208006e089000900ab000808f500005003600bc
:10421800810020006e08900064fd070080002000e7
:104228009f0537006e089000404090008040e800ed
:104238006e0890004140980072002000fe0890002f
:104248006e0890009cfe07007e08900000489000d1
:104258000004e00004003d006e089000900090000b
:104268000150a000110098006e0890009000900086
:1042780000082000008060000000e0001102320009
:104288006e08900010009000610060000000e000df
:10429800150132007e089000004890008080fb00e5
:1042a800300e200080806000300a2000808f50008f
:1042b8000e003a006e0890009000900001a0a00047
:1042c800110098006e0890008040eb004140980073
:1042d8006e08900050109000800078006e089000e2
:1042e800f60707000000eb006d0537007e08900018
:1042f800004890008080fb00300e20008080600025
:10430800200a2000808f5000e0003a007e089000cc
:10431800904890006e0890004040900080cf500078
:104328003d003a006e08900030019000c0019000f6
:104338006e089000f008900060089000800f51000f
:10434800818f5900280039006e089000c000900045
:10435800300090007200200003002000fbf20700ec
:104368000040780071c0b30000c05000204798009a
:10437800ae409000200020000008dd002047980093
:10438800ae40900010ccb30000c07000404f9800c1
:104398000040eb00504f98000040eb00604f980041
:1043a8000040eb00704f98000040eb000057980069
:1043b8000040eb00105798000040eb002057980091
:1043c8000040eb00305798006e08900000209000e5
:1043d800500190006e08900000209000e400470013
:1043e80002000100ba0037007e089000a048900043
:1043f8006e089000016098006e0890009000900090
:104408000190a000110098006e0890008040eb0019
:1044180041409800ae0037007e0890009048900018
:104428006e0890004040900080cf5000910031000d
:104438006e08900030019000c00190006e08900056
:10444800f008900060089000800f5100818f59009b
:104458005b003a006e08900030019000c0019000a7
:104468006e089000404090008080fb007e0890001d
:10447800104890000080fb00008050000000e90018
:104488006700b90000007800cf80de00000051000e
:10449800818059006e099000300198004101980010
:1044a8006e08900060119000f01190006e08900066
:1044b800404090008080fb007e08900010489000eb
:1044c8000080fb00008050000000e9006700b90090
:1044d80000007800cf80de00000051008180590084
:1044e8006e09900060119800711198006e08900094
:1044f80030049000c00490006e089000f00890000e
:104508006008900072002000030020008ff207006e
:10451800e00f5000e08f5800070032006e0890004e
:10452800f00890006008900072002000030020004e
:1045380086f207000200370070002000010020000a
:104548000000540081805c006e09900030019800e2
:10455800410198006e08900060149000f0149000db
:104568006e089000f008900060089000720020002b
:104578000300200075f20700e00f5000e08f58009c
:10458800070032006e089000f00890006008900064
:1045980072002000030020006cf2070002003700c0
:1045a80070002000010020000000540081805c00a1
:1045b8006e0990006011980071119800240037006e
:1045c8006e08900030019000c00190006e089000c5
:1045d800006090008080fb007e08900010489000ea
:1045e8000080fb00008050006700b90000007800e0
:1045f800cf80de0000005100818059006e099000d4
:1046080030019800410198006e08900060119000f8
:10461800f01190006e089000006090008080fb0010
:104628007e089000104890000080fb000080500039
:104638006700b90000007800cf80de00000051005c
:10464800818059006e0990006011980071119800de
:104658007e089000904890006e08900041409800b5
:104668006e089000900090000190a0001100980042
:104678001700370032002000435020006e089000d9
:10468800e2fc070020002000850437007e08900027
:10469800004890008080fb00100e200080806000a1
:1046a800100a2000808f500004003a006e08900025
:1046b80033f707000000eb007904370021002000e1
:1046c8006e08900039fc07002000200074043700b1
:1046d8006e0990006000b800300998004109980000
:1046e8000000eb006e0437006e0890001000900088
:1046f800620060000000e000f20032006e089000e6
:104708009000900000042000008060000000e0009d
:104718004b0032007e089000004890008080fb002b
:10472800000e200080806000000c2000808f500068
:1047380043003a007e089000004890007c406000ea
:10474800304798003e4090000080fb004200de00a9
:10475800304798006e08900030019000c00190002a
:104768003e4090000080fb008000eb0000005100fc
:10477800818059006e09900030019800410198002d
:104788006e089000d04090003e40900080c05000dd
:104798006e089000514098006e08900090009000bc
:1047a8000150a000110098006e08900030019000a0
:1047b800c00190006e089000800890007000900082
:1047c800800f5100818f59000500360081002000bc
:1047d8006e089000f5fb07008000200030043700c9
:1047e80010cab300404f98000040eb00504f9800ab
:1047f8000040eb00604f98000040eb00704f9800bd
:104808000040eb00005798000040eb00105798005c
:104818000040eb00205798000040eb00305798000c
:104828006e08900000209000500190006e089000e3
:1048380000209000e4004700020001009b003700c0
:104848006e089000900090000080200000806000ba
:104858000000e0006e003a006e08900040409000b2
:104868008040e8006e089000414098007e08900063
:1048780000489000804078000174a1006e08900004
:10488800616899006e089000e06891006e089000d9
:104898004040900080cf5000090032006e08900020
:1048a800404090008040e9006e0890004140980028
:1048b8006e0890009000900001b0a00011009800d0
:1048c8006e089000e06891006e0890007168990089
:1048d8006e0890009000900000802000008060002a
:1048e8000000e00010003a006e089000d010900020
:1048f8006e089000300ab000808f50000500360026
:10490800810020006e089000a8fb070080002000ae
:10491800e303370072002000fe0890006e08900044
:10492800e5fc07000a0037006e089000e068910077
:104938006e0890007068910080cf500004003a0023
:104948006e0890009000900001b0a100110098003e
:104958006e089000c04090006e08900000609000c3
:1049680080cf5000040039006e089000900090003d
:104978000150a000110098007e08900000489000a7
:104988000004e00049003d0020cab300404f9800f1
:104998006e08900040409000504f98006e089000bc
:1049a80000609000604f98000040eb00704f980046
:1049b8000040eb00005798000040eb0010579800ab
:1049c8000040eb00205798000040eb00305798005b
:1049d8006e08900000209000500190006e08900032
:1049e80000209000e4004700020001006e089000db
:1049f800900090000150a100110098006e089000ee
:104a0800900090000160a000110098002700370076
:104a18006e089000006090008080fb007e08900087
:104a2800004890000081fb00f007200000006100b2
:104a3800808f50001d003a0020cab300404f9800f4
:104a48006e08900040409000504f98006e0890000b
:104a580000609000604f98000040eb00704f980095
:104a68000040eb00005798000040eb0010579800fa
:104a78000040eb00205798000040eb0030579800aa
:104a88006e08900000209000500190006e08900081
:104a980000209000e4004700020001006e0890002a
:104aa8009000900001b0a100110098006e099000dc
:104ab8006000b80030099800410998000000eb0038
:104ac800770337006e0890001000900062006000c5
:104ad8000000e000910032006e0890001000900085
:104ae800640060000000e00005003a00210020009a
:104af8006e0890002dfb0700200020006803370097
:104b08007e08900000489000704060003047980090
:104b18003e4090000080fb000000e00003003200ef
:104b2800f00f50000b003200170037006e0890009d
:104b380010009000680060000000e0000f003200e4
:104b4800410020006e08900018fb0700400020007c
:104b5800530337006e089000100090006800600052
:104b68000000e00007003a00410020006e089000b5
:104b78000efb07004000200049033700000000003a
:104b880001003700000000007e08900000489000f7
:104b980061406000304798003e409000e14f50006f
:104ba80039003a007e089000004890006e4060008e
:104bb800304798003e4090000080fb000000d10084
:104bc8003047980071c0b3003e40900000c05000cc
:104bd800304798006e089000100090004300de00f7
:104be80061406000404f9800ce489000400020008f
:104bf8000008dd00404f98004e4890000054a00087
:104c0800404f98000040eb00504f98000040eb00e8
:104c1800604f98000040eb00704f98000040eb0098
:104c2800005798000040eb00105798000040eb0038
:104c3800205798000040eb00305798003e40900005
:104c48000080fb0000017800fe0890006e089000cc
:104c580019fc07008040eb006e089000eefb07008f
:104c68006e08900000209000500190006e0890009f
:104c780000209000e4004700020001006e08900048
:104c8800bff50700250037006e089000100090005f
:104c98004300de0061406000404f9800ce4890001d
:104ca800400020000008dd00404f98004e4890006a
:104cb8000054a000404f98000040eb00504f98006f
:104cc8000040eb00604f98000040eb00704f9800e8
:104cd8000040eb00005798000040eb001057980088
:104ce8000040eb00205798000040eb003057980038
:104cf80072002000fe0890006e089000eefb07008e
:104d08006e08900000209000500190006e089000fe
:104d180000209000e4004700020001006e089000a7
:104d280010009000610060000000e000690132009e
:104d38006e08900010009000640060000000e00021
:104d480005003a00210020006e08900097fa07003d
:104d580020002000d20237007e0890008048900092
:104d680000c6b30080cf500005003a006e089000de
:104d780010009000680060000000e0000a003200a7
:104d88007e0890008048900000c7b30080cf500094
:104d98004b013a006e089000100090006800600017
:104da8000000e000460132006e089000700190009b
:104db800800990007000200001002000800f510041
:104dc800818f5900e3003e007e08900080489000e3
:104dd80000c6b30080cf500041003a006e08900032
:104de800800890007000900042002000030020001e
:104df800820f5000838f58002d003200420020009f
:104e080003002000820f5000838f580010003e00de
:104e18002200200003002000820f5000838f5800da
:104e2800290032002200200003002000820f5000d9
:104e3800838f580021003e0012002000030020004c
:104e4800820f5000838f5800220032002400370060
:104e58006200200003002000820f5000838f58005a
:104e68000d0032006200200003002000820f500075
:104e7800838f58000b0039007200200003002000c7
:104e8800820f5000838f580015003a0010c0b300fd
:104e9800404f98001200370030c0b300404f9800d0
:104ea8000f00370050c0b300404f98000c00370087
:104eb80070c0b300404f98000900370090c0b3009d
:104ec800404f980006003700b0c0b300404f98002c
:104ed80003003700d0c0b300404f98000000000026
:104ee8007e0890008048900000c7b30080cf500033
:104ef8008c003a006e0890008008900070009000c6
:104f08004200200003002000820f5000838f5800c9
:104f18002d0032004200200003002000820f5000c4
:104f2800838f580010003e0022002000030020005c
:104f3800820f5000838f5800290032002200200081
:104f480003002000820f5000838f580021003e008c
:104f58001200200003002000820f5000838f5800a9
:104f6800220032006f00370062002000030020009a
:104f7800820f5000838f58000d003200620020001d
:104f880003002000820f5000838f58000b00390067
:104f98007200200003002000820f5000838f580009
:104fa80060003a0010c1b300404f9800120037006b
:104fb80030c1b300404f98000f00370050c1b30014
:104fc800404f98000c00370070c1b300404f980064
:104fd8000900370090c1b300404f98000600370021
:104fe800b0c1b300404f980003003700d0c1b300f0
:104ff800404f9800000000004a0037006e089000fb
:105008008008900070009000e00f5000e08f58007a
:1050180013003a006e089000201890000000e0008d
:10502800030032006e089000201890000000010074
:10503800640047001e0178008040eb00e5fb070094
:105048006e089000301890000000e0003400320034
:105058006e08900030189000000001003000370002
:105068006e0890008008900070009000e00f5000db
:10507800e08f58002a0032006e0890002018900037
:105088000000e000030032006e0890002018900035
:10509800000001006e089000501190006e0890000a
:1050a800f0109000601090000000780000004100af
:1050b8001040780080407800640047001e017800a6
:1050c800c4fb07006e089000301890000000e00054
:1050d800030032006e0890003018900000000100b4
:1050e8006e089000800890007000900061005000e9
:1050f800e08058006e09900070019800010998003e
:105108006e089000f0109000601090006100400060
:10511800e08048006e0990006011980071119800b5
:105128001e0fe8001e007800e70f5000b3ff3400a0
:105138006e08900000209000500190006e089000ca
:1051480000209000e4004700020001006e08900073
:105158008bf407006e0890007001900080099000a1
:105168007000200001002000800f5100818f59003d
:10517800580036007e0890008048900000c6b300b2
:1051880080cf500002003a000040eb00404f9800ea
:105198007e0890008048900000c7b30080cf500080
:1051a8002e003a0000c1b300404f98002b00370092
:1051b8006e089000201890000000e0000300320004
:1051c8006e08900020189000000001006e08900002
:1051d800501190006e089000f01090006010900040
:1051e80000007800000041001040780080407800fe
:1051f800640047001e01780076fb07006e089000e7
:10520800301890000000e000030032006e089000a3
:1052180030189000000001006e089000800890008f
:105228007000900061005000e08058006e09900006
:1052380070019800010998006e089000f010900025
:105248006010900061004000e08048006e09900006
:1052580060119800711198001e0fe8001e00780078
:10526800e70f5000d2ff34006e0890000020900035
:10527800500190006e08900000209000e400470064
:10528800020001006e089000100090004300de004c
:10529800614060000004a200e14060006e089000d8
:1052a8008180fb00e1806000c308dd0010019000f0
:1052b8000230a100828070001100980005003700bc
:1052c800410020006e08900038f9070040002000d7
:1052d800730137007e0890008048900000c4b30036
:1052e80080cf50004c003a006e08900010009000eb
:1052f800640060000000e00042003a006e08900080
:10530800900090000100a000110098006e08900025
:10531800900090000120a000110098007e089000e5
:10532800204890000080fb008000eb006e09900090
:1053380050019800610198006e089000500190009b
:10534800e00190004818dd00c810de008100700000
:105358004810dd006e099000500198006101980026
:105368006e08900050019000e00190007e089000c7
:10537800104890000080fb008000eb0000007100e6
:10538800818071006e0990005001980061019800b9
:105398006e08900050019000e00190004818dd0070
:1053a800c810de00810070004810dd006e09900012
:1053b80050019800610198006e089000500190001b
:1053c800e00190007e089000304890000080fb00cb
:1053d8008000eb0000007100818071006e09900070
:1053e8005001980061019800fe0890006e08900036
:1053f800e4030700800078006e089000ebf80700cf
:1054080005003700210020006e089000e7f807002b
:1054180020002000220137007e089000804890007c
:1054280000cab30080cf5000050032007e0890000b
:105438008048900040cab30080cf500058003a001e
:105448006e08900010009000640060000000e0000a
:105458004e003a006e089000900090000100a000f5
:10546800110098006e089000900090000120a000a4
:10547800110098006e089000900090000140a00074
:10548800110098006e089000900090000170a00034
:10549800110098007e089000c04890006e089000a7
:1054a800016098007e089000204890000080fb0072
:1054b8008000eb006e09900050019800610198008f
:1054c8006e08900050019000e00190004818dd003f
:1054d800c810de00810070004810dd006e099000e1
:1054e80050019800610198006e08900050019000ea
:1054f800e00190007e089000104890000080fb00ba
:105508008000eb0000007100818071006e0990003e
:1055180050019800610198006e08900050019000b9
:10552800e00190004818dd00c810de00810070001e
:105538004810dd006e099000500198006101980044
:105548006e08900050019000e00190007e089000e5
:10555800304890000080fb008000eb0000007100e4
:10556800818071006e0990005001980061019800d7
:10557800fe0890006e089000820307008000780003
:105588006e08900089f80700050037002100200008
:105598006e08900085f8070020002000c000370042
:1055a8007e0890008048900000ccb30080cf500067
:1055b8000a0032007e0890008048900020ccb3009a
:1055c80080cf5000050032007e089000804890008f
:1055d80060ccb30080cf500054003a006e089000b1
:1055e80010009000640060000000e0004a003a00eb
:1055f8006e089000900090000140a00011009800f3
:105608006e089000900090000120a0001100980002
:105618006e089000900090000110a0001100980002
:105628006e089000900090000170a0001100980092
:105638007e089000204890000080fb008000eb006e
:105648006e09900050019800610198006e08900062
:1056580050019000e00190004818dd00c810de00fd
:10566800810070004810dd006e099000500198001c
:10567800610198006e08900050019000e0019000d0
:105688007e089000104890000080fb008000eb002e
:1056980000007100818071006e099000500198002f
:1056a800610198006e08900050019000e0019000a0
:1056b8004818dd00c810de00810070004810dd00c9
:1056c8006e09900050019800610198006e089000e2
:1056d80050019000e00190007e0890003048900052
:1056e8000080fb008000eb000000710081807100e9
:1056f8006e0990005001980061019800fe08900022
:105708006e0890001f030700800078006e08900064
:1057180026f8070005003700210020006e089000d9
:1057280022f80700200020005d0037007e08900066
:105738008048900000c2b30080cf5000510036006e
:105748007e08900080489000f0c2b30080cf5000df
:105758004c003e006e08900010009000640060004d
:105768000000e00042003a006e08900090009000af
:105778000110a000110098006e08900090009000a1
:105788000120a000110098007e0890002048900099
:105798000080fb008000eb006e099000500198002b
:1057a800610198006e08900050019000e00190009f
:1057b8004818dd00c810de00810070004810dd00c8
:1057c8006e09900050019800610198006e089000e1
:1057d80050019000e00190007e0890001048900071
:1057e8000080fb008000eb000000710081807100e8
:1057f8006e09900050019800610198006e089000b1
:1058080050019000e00190004818dd00c810de004b
:10581800810070004810dd006e099000500198006a
:10582800610198006e08900050019000e00190001e
:105838007e089000304890000080fb008000eb005c
:1058480000007100818071006e099000500198007d
:1058580061019800fe0890006e089000c9020700d8
:10586800800078006e089000d0f707000500370028
:10587800210020006e089000ccf7070020002000cf
:10588800070037006e0990006000b80030099800e2
:10589800410998000000eb00010037000080eb0090
:1058a8004f04be000080fa00000006001e00fa0047
:1058b800600f98000000eb00000f78006e08900061
:1058c800900078000058200080804000f07f200081
:1058d80080806000f07f2000008060004200dd00d2
:1058e8003e01900031002e0081006100010070002f
:1058f80030079800ce00900000ff2f000080600065
:105908000030a000400798004e0090000040a10021
:10591800400798006000b800000f9800110f980029
:105928006000b80060079800710798006e08900042
:1059380010009000640060000000e000cb0032001e
:105948006e08900090009000002020000080600009
:105958000000e0007d0032006e089000900090008a
:1059680001a0a100110098006e089000404090002e
:105978008040e8006e089000414098006e08900052
:1059880040409000404f98006e089000c040900042
:105998006e0890000060900080cf5000040039002d
:1059a8006e089000900090000190a10011009800ee
:1059b8006e08900060099000f00990006e08900051
:1059c800c000900030009000000151008181590012
:1059d8006000200001002000800f5100818f5900d5
:1059e8000300360070c0b300204798000a00370053
:1059f8006e089000f0089000600890000041780060
:105a08006e089000c00090003000900000407800c0
:105a180000405100204798006e0890002018900020
:105a28000000e000030032006e089000201890008b
:105a38000000010010002000000f78001d00370052
:105a48006e089000501190006e089000f0109000c1
:105a580060109000000078000000410010407800bd
:105a680080407800640047001e01780059f907005b
:105a78006e089000f01090006010900061004000e7
:105a8800e08048006e09900060119800711198003c
:105a98006e089000c0009000300090006100400047
:105aa800e08048006e09900030019800410198009c
:105ab8001e0fe8002e4090000080fb009e0f500053
:105ac800dfff3d006e089000301890000000e000f5
:105ad800030032006e0890003018900000000100aa
:105ae8006e08900030019000c00190006e08900090
:105af800f008900060089000800f5100818f5900d5
:105b0800070039004e4890000074a000404f9800ec
:105b18006e089000900090000190a100110098007c
:105b28006e08900000209000500190006e089000d0
:105b380000209000e4004700020001006e09900078
:105b48006000b80030099800410998006e0890007c
:105b580010009000700060000000e0002a00320091
:105b68006e08900010009000620060000000e000e5
:105b7800250032006e08900030099000c00990009e
:105b8800002f200001002000800f5100818f590054
:105b98001d003a0020cab300404f98006e089000dc
:105ba80040409000504f98006e08900000609000b0
:105bb800604f98000040eb00704f98000040eb00e9
:105bc800005798000040eb00105798000040eb0089
:105bd800205798000040eb00305798006e0890005e
:105be80000209000500190006e0890000020900066
:105bf800e4004700020001006e0890009000900049
:105c080001b0a100110098006e089000c008900033
:105c18003008900061004000e08048006e09900064
:105c280030099800410998006e08900030099000ea
:105c3800c0099000b05d200001002000800f5100d5
:105c4800818f590009003600510020006e0890002d
:105c5800d6f607006e0990006000b8003009980079
:105c68004109980050002000010037000000eb00b7
:105c78000080fa00000006000200fa00000f780019
:105c88001e007800404090000080fa0000000600e6
:105c98000200fa00000f78001e00780050409000c3
:105ca8000080fa00000006000200fa00000f7800e9
:105cb8001e00780090009000000220000080600024
:105cc8000000e00002003200100020000100370050
:105cd8000000eb000080fa00000006002000fa0037
:105ce800500f9800610f9800720f98000000eb00a9
:105cf800000f78005e08900090007800005820009f
:105d080080804000f07f200080806000f07f2000cd
:105d1800008060004200dd002e01900031002e005e
:105d2800810061000100700020079800be0090000b
:105d380000ff2f00008060000030a00030079800ae
:105d48003e0090000040a100300798006000b800b5
:105d580070079800010f98006000b800500798007d
:105d6800610798000000eb00000f78001b00370067
:105d7800de089000020820001e004100e140780083
:105d88006e089000014878006e0890000000e80056
:105d9800600f98005e089000101090008000e800e6
:105da8005e089000111098005e0890001010900096
:105db800e60f5000080034005e0890004060900034
:105dc8008040e8005e089000416098005e089000fe
:105dd8008000eb00111098001e0fe8007e0890006c
:105de8006700b900000078009e0f5000e0ff3c00fb
:105df8005e089000c06090005e08900040409000ef
:105e080080cf5000210039005e089000900090007b
:105e18000150a100110098005e0890008000eb007e
:105e28001110980010cab300204f98005e08900027
:105e380040409000304f98000040eb00404f9800e1
:105e48000040eb00504f98000040eb00604f980076
:105e58000040eb00704f98000040eb00005798009e
:105e68000040eb00105798005e089000002090005a
:105e7800500190005e089000002090008e80e8009d
:105e8800020001005e0890003df107001e00780046
:105e98000080fa00000006000400fa00000f7800f5
:105ea8001107980012c0b3009e0090001e007800f1
:105eb800020007000080fa00000006002000fa0037
:105ec800500f9800610f9800625f98000000eb0087
:105ed800000f78005e0890009000780000582000bd
:105ee80080804000f07f200080806000f07f2000ec
:105ef800008060004200dd002e01900031002e007d
:105f0800810061000100700020079800be00900029
:105f180000ff2f00008060000030a00030079800cc
:105f28003e0090000040a100300798006000b800d3
:105f380070079800010f98006000b800500798009b
:105f4800610798006e5890008080fb005e08900002
:105f5800504090000081fb005e089000205890009f
:105f68000080fb0000005100808f500006003400c4
:105f78005e089000d04090005e0890002058900085
:105f880000c05000605f98006e5890000004e00068
:105f980002003a000000eb005e0037000000eb0052
:105fa800000f7800130037005e08900001082000f9
:105fb800808040005e089000205890000080fb0020
:105fc80000804000904078006e08900001487800fa
:105fd8006e0890000000e800600f98005e089000ce
:105fe800205890008040e8005e08900021589800f2
:105ff8001e0fe8006e5890000080fb009e0f5000b6
:10600800e9ff3c005e089000a05890005e089000f0
:106018005040900080cf50003d0039005e0890004d
:106028008040eb00514098005e089000900090007e
:106038000150a1001100980020cab300204f980019
:106048005e08900040409000304f98005e08900035
:1060580000609000404f98000040eb00504f9800bf
:106068000040eb00604f98000040eb00704f980034
:106078000040eb00005798000040eb0010579800d4
:106088005e0890008040eb00215898005e08900060
:106098008040eb00414098005e0890000108200015
:1060a800808040005e089000511098005e099000c2
:1060b8006000b80060119800711198005e089000a7
:1060c8009000900000042000008060000000e000c4
:1060d80007003a005e0890000020900050019000f0
:1060e8005e089000002090008e80e8000200010009
:1060f8005e0890009000900000042000008060007e
:106108000000e000020032005e0890009cf00700ea
:106118001e0078000080fa00000006001a00fa004d
:10612800400f98004e08900090007800005820001a
:1061380080804000f07f200080806000f07f200099
:10614800008060004200dd001e01900031002e003a
:10615800810061000100700010079800ae009000f7
:1061680000ff2f00008060000030a000200798008a
:106178002e0090000040a100200798006000b800a1
:1061880060079800710798006000b8004007980001
:10619800510798004e0890008040eb00514098004d
:1061a8004e089000900090000150a1001100980046
:1061b8004e0890008040eb00215898004e0890004f
:1061c8008040eb00414098004e08900001082000f4
:1061d800808040004e089000511098004e099000b1
:1061e8006000b800601198007111980020cab300cf
:1061f800004f98000040eb00104f98004e089000a8
:1062080000609000204f98000040eb00304f98004d
:106218000040eb00404f98000040eb00504f9800c2
:106228000040eb00604f98000040eb00704f980072
:106238004e08900000209000500190004e089000f9
:10624800002090008e007800020001000000eb00a2
:106258000080fa00000006000600fa00000f78002f
:1062680012079800230798001e0078001e0190006e
:10627800ae01900062089800730898000080fa0048
:10628800000006000200fa00000f78001e007800e7
:106298009000900000402000008060000000e000b6
:1062a80002003a000040eb00020037001e007800b0
:1062b800006090000080fa00000006000400fa0068
:1062c800000f7800110798001e00780090009000d9
:1062d80000402000008060000000e0001a0032004a
:1062e8001e0078009000900001a0a1001100980005
:1062f8001e0078009e009000511098001e01780042
:106308006000b80060119800711198001e007800b4
:106318009e009000411098001e00780080089000b0
:10632800700090001e0178006009980071099800bb
:106338001e007800900090000190a00011009800c5
:106348000000eb00010037000080eb000080fa003d
:10635800000006000400fa00000f780011079800fa
:106368001e00780050019000e00190001e007800a7
:10637800701890009e0090003b2b07000080fa00e8
:10638800000006001200fa0070079800010f98003c
:106398000e80e800800078007e009000edff070086
:1063a8000000e00037003a007e00900010009000e6
:1063b800610060000000e000160032006e009000ee
:1063c800630060000000e00002003a006000200066
:1063d8002d0037005e0090001e019000ae01900075
:1063e800800078007e00900043f00700000f7800de
:1063f8001e0078000000e00004003a007e009000d3
:10640800609090008e80e800632b07001e007800e3
:106418001d0037007e0090001000900062006000b0
:106428000000e000170032006e0090006c00600071
:106438000000e00002003a0070002000120037005f
:106448005e0090001e019000ae0190000e0a9000c0
:10645800800078007e009000c2f10700000f7800ed
:106468001e0078000000e00004003a007e00900062
:10647800509090008e80e8002b2b07001e007800bb
:1064880001003700100020000080fa00000006001c
:106498000400fa00000f7800110798001e00780029
:1064a8009e009000611898000080fa000000060025
:1064b8003400fa0071179800021f9800131f980003
:1064c8002e01900001802f008100610021079800b3
:1064d800be00900001f0a100310798009e189000be
:1064e800e18f50004d003a00fe10900061199000b5
:1064f800f17f200081006100010178008e18900072
:106508000101690001782000810061000100e000bc
:106518000b003a00fe10900064014700c3032000fe
:10652800838140001400090033197800e400470013
:106538001400090031187800a002b1008900370062
:10654800fe10900061019000020f78008000eb00bf
:10655800110798002d0037001e017800f17f2000f8
:1065680092806000010178008e1890000101690096
:1065780001782000810061000100e0000a003a0073
:106588009e007800e401470014000900b119780062
:10659800a102b100e4004700140009003118780096
:1065a800a002b1006f0037001e017800f17f2000c3
:1065b80092806000010178000178200001016100eb
:1065c800f1172000810f5100090034001e017800e6
:1065d800f17f20009280600001017800017820009e
:1065e80001016100f1572000810f510002003400c1
:1065f8004101200011079800a20220001e0f41004f
:106608009e0090008100e800110798009e0090000d
:10661800f38f5000d0ff34004e0037009e189000d2
:106628000100e0004b003a00fe10900011099000b4
:10663800f17f200081006100010178008e18900030
:106648000101690001782000810061000100e0007b
:106658000a003a00fe109000e401470072814000f1
:1066680014000900b2197800e40147001400090079
:1066780033187800a002b1003a003700fe109000ed
:1066880051019000020f78008000eb00110798007c
:106698002d0037001e017800f17f200092806000f5
:1066a800010178008e18900001016900017820002e
:1066b800810061000100e0000a003a009e007800b5
:1066c800e401470014000900b1197800a102b100e3
:1066d800e40047001400090031187800a002b10056
:1066e800200037001e017800f17f200092806000b2
:1066f800010178000178200001016100f1172000f4
:10670800810f5100090034001e017800f17f20003c
:106718009280600001017800017820000101610089
:10672800f1572000810f5100020034004101200080
:1067380011079800a20220001e0f41009e00900041
:106748008100e800110798009e009000f38f500028
:10675800d0ff3400e4014700140009003318780022
:10676800a002b1000080fa00000006000800fa004c
:10677800000f780012079800230798003107980047
:106788001e00780070009000be0090001e0190006e
:10679800ae019000342a07000080fa0000000600cd
:1067a8003000fa0050179800611798007217980087
:1067b8000000eb00000f78000080eb001007980045
:1067c8000000eb00200798000000eb00300798005d
:1067d8000000eb004007980085013700ee1090009c
:1067e8001e017800630041004200dd00610078006e
:1067f8008000eb00100f9800210f98001e099000f0
:10680800ae0990004818dd00c810de008100700055
:106818004810dd00100f9800210f98001e09900005
:10682800ae09900000f02f00f10f2000020278005e
:1068380003017800800178000100780003026200fb
:10684800000061008000eb00c000dd0000002000b7
:106858000001be006120b800000171008181710053
:10686800120f9800230f9800ee1090001e00780079
:106878004200dd006a0040000080400010409000a7
:106888000080fb008000eb001e099000ae0990001c
:106898000000710081807100100f9800210f98008e
:1068a8007e004700800078001e099000ae09900025
:1068b8005e109000adff07000000e0004b013500be
:1068c8007e0890008e10900000007800ce009000a6
:1068d80000804000400798000000eb001007980077
:1068e8007e0890008e1090002200200003002000f7
:1068f800820f5000838f58003000320022002000a1
:1069080003002000820f5000838f580006003e00cd
:106918001200200003002000820f5000838f5800cf
:106928000c003200760037004200200003002000ef
:10693800820f5000838f58003900320082002000f7
:1069480003002000820f5000838f58004d00320052
:106958006b0037003e129000340f98005e109000d4
:10696800100078000000e000030032005e10900084
:1069780010007800000001003e08900010407800e8
:106988000000fb00cf80de006109b90050079800c5
:106998006107980072079800030f98005e10900036
:1069a800100090000000e0004e0032005e109000e1
:1069b8001000900000000100510037003e109000c8
:1069c800400f98005e109000100078000000e00072
:1069d800030032005e1090001000780000000100f3
:1069e8004e08900010007800cf80de006109b900e1
:1069f800500798006107980072079800030f9800e5
:106a08005e109000100090000000e0003700320097
:106a18005e10900010009000000001003800370060
:106a28003e109000500f98005e1090001000780003
:106a38000000e000030032005e10900010007800b3
:106a4800000001005e0890001000be004f89de00c3
:106a58008201780050079800610798007207980033
:106a6800030f98005e109000100090000000e000f6
:106a7800200032005e10900010009000000001001d
:106a88001f0037003e109000600f98005e109000c5
:106a9800100078000000e000030032005e10900053
:106aa80010007800000001006e0890003002be005f
:106ab8002003be00540798006507980076079800e1
:106ac800070f98005e109000100090000000e00092
:106ad8000a0032005e1090001000900000000100d3
:106ae8000700370000000000050037000000000024
:106af800030037000000000001003700000000001c
:106b08000000eb0030079800b10037002e0090001d
:106b1800e30f500048003200e30f500007003c002c
:106b2800e10f500020003200e10f500030003c001f
:106b38000000e0000a00320099003700e50f50001d
:106b480061003200e50f50004d003500e60f50009f
:106b58006f003200e70f50007f00320090003700ce
:106b68003e0090004302dd005e009000ee009000c1
:106b78007e0190008e099000840278008502e90069
:106b8800050033008381d1000281d3008180d300c6
:106b98000080d300f9ff3700804078007e10900015
:106ba800014898007e0037003e0090004302dd0057
:106bb8005e009000ee0090007e0190008e0990002b
:106bc800040378000603e900050033008381d1003f
:106bd8000281d3008180d3000080d300f9ff370001
:106be800804078007e109000114898006c003700b3
:106bf8003e0090004302dd005e009000ee00900031
:106c08007e0190008e099000840378008703e900d4
:106c1800050033008381d1000281d3008180d30035
:106c28000080d300f9ff3700804078007e10900084
:106c3800214898005a0037003e0090004302dd00ca
:106c48005e009000ee0090007e0190008e0990009a
:106c5800840278008502e900050033008381d100b1
:106c68000281d3008180d3000080d300f9ff370070
:106c7800804078007e109000314898004800370026
:106c88003e0090004302dd005e009000ee009000a0
:106c98007e0190008e099000040378000603e90045
:106ca800050033008381d1000281d3008180d300a5
:106cb8000080d300f9ff3700804078007e109000f4
:106cc80041489800360037003e0090004302dd003e
:106cd8005e009000ee0090007e0190008e0990000a
:106ce800840378008703e900050033008381d1001d
:106cf8000281d3008180d3000080d300f9ff3700e0
:106d0800804078007e109000514898002400370099
:106d18003e0090004302dd005e009000ee0090000f
:106d28007e0190008e099000840278008502e900b7
:106d3800050033008381d1000281d3008180d30014
:106d48000080d300f9ff3700804078007e10900063
:106d580061489800120037003e0090004302dd00b1
:106d68005e009000ee0090007e0190008e09900079
:106d7800040378000603e900050033008381d1008d
:106d88000281d3008180d3000080d300f9ff37004f
:106d9800804078007e109000714898000000000044
:106da8002e009000e70f500007003c002e009000d6
:106db8000000e800200798003e0090000000e8006e
:106dc8003007980002003700e0ff2f00330037003b
:106dd8003e0090006101b9007e0890008e1090007e
:106de800800f5100818f590048ff39001e0fe800bd
:106df800ee1090009e037800638043004200dd009f
:106e0800610078000000e00074fe3a00ee10900087
:106e1800f07f2000110060008000780000782000da
:106e2800808060005e10900000209100808040000b
:106e3800f07f2000008160007e109000f17f20002c
:106e480081006100c208dd009001900032002e0030
:106e58000281610082807000110098004e0090004d
:106e680000407800ef4060007e1090008180fb00b9
:106e7800ef806000a001900002ff2f0002816100f6
:106e880082807000210098007e109000a000900081
:106e98000140a100210098001e0090000080fa0027
:106ea800000006001c00fa00400f9800510f9800df
:106eb8000e017800de0890004e08900038fe0700aa
:106ec8000000e000110035004e0890000008900016
:106ed800500190004e089000000890008e00780045
:106ee800020001000000e00008003a001e009000c7
:106ef8004200de00f17f2000010060008000780081
:106f08004e0890004008b000fa2807000080fa00f8
:106f1800000006000200fa00000f78000080fa0066
:106f2800000006003600fa00001f9800111f9800a4
:106f3800221f98000000eb00000f78000000eb0013
:106f4800100798000000eb00200798000000eb00f5
:106f5800300798003d0237009e1890001e01780007
:106f6800630041004200dd00610078008000eb0012
:106f7800000f9800110f98000e0990009e099000cc
:106f88004818dd00c810de00810070004810dd00e0
:106f9800000f9800110f98000e0990009e099000ac
:106fa80000f02f00f10f20000202780003017800a2
:106fb800800178000100780003026200000061008f
:106fc8008000eb00c000dd00000020000001be00d2
:106fd8006120b8000001710081817100020f9800e2
:106fe800130f98009e1890001e0078004200dd00e4
:106ff8006a00400000804000104090000080fb00c4
:107008008000eb000e0990009e09900000007100be
:1070180081807100000f9800110f98004002200035
:107028000e004000800078000e0990009e09900034
:107038000e189000cdfd07000000e00002023500a8
:107048002e109000be10900000007800be00900046
:1070580000804000300798006000b8006011b80058
:10706800200f9800310f9800420f9800530f980096
:107078006000b8006011b8004007980051079800f8
:1070880062079800730798000000eb00200798003b
:107098006c0137001e009000e30f5000840032009e
:1070a800e30f500007003c00e10f500028003200b9
:1070b800e10f500052003c000000e0000a003200de
:1070c80057013700e50f5000d1003200e50f50009e
:1070d800a3003500e60f5000f9003200e70f50001a
:1070e800230132004e0137002e189000004890000e
:1070f8000080fb008000eb006011b800200f9800b2
:10710800310f9800420f9800530f98004e029000dc
:10711800de0290006e039000fe0390002e0890009f
:10712800be0890004e099000de0990000000720031
:107138008180720002017300838173004007980008
:1071480051079800620798007307980034013700c8
:107158002e189000104890000080fb008000eb0083
:107168006011b800200f9800310f9800420f980066
:10717800530f98002e0090004302dd002e08900067
:10718800be0890004e099000de0990008402780045
:107198008502e900050033000000d0008180d2009c
:1071a8000281d2008381d200f9ff3700200f9800b6
:1071b800310f9800420f9800530f98004e0290002c
:1071c800de0290006e039000fe0390002e089000ef
:1071d800be0890004e099000de0990000000720081
:1071e8008180720002017300838173004007980058
:1071f8005107980062079800730798000801370044
:107208002e189000204890000080fb008000eb00c2
:107218006011b800200f9800310f9800420f9800b5
:10722800530f98002e0090004302dd002e089000b6
:10723800be0890004e099000de0990000403780013
:107248000603e900050033000000d0008180d20069
:107258000281d2008381d200f9ff3700200f980005
:10726800310f9800420f9800530f98004e0290007b
:10727800de0290006e039000fe0390002e0890003e
:10728800be0890004e099000de09900000007200d0
:1072980081807200020173008381730040079800a7
:1072a800510798006207980073079800dc003700c0
:1072b8002e189000304890000080fb008000eb0002
:1072c8006011b800200f9800310f9800420f980005
:1072d800530f98002e0090004302dd002e08900006
:1072e800be0890004e099000de09900084037800e3
:1072f8008703e900050033000000d0008180d20038
:107308000281d2008381d200f9ff3700200f980054
:10731800310f9800420f9800530f98004e029000ca
:10732800de0290006e039000fe0390002e0890008d
:10733800be0890004e099000de099000000072001f
:1073480081807200020173008381730040079800f6
:10735800510798006207980073079800b00037003b
:107368002e189000404890000080fb008000eb0041
:107378006011b800200f9800310f9800420f980054
:10738800530f98002e0090004302dd002e08900055
:10739800be0890004e099000de0990008402780033
:1073a8008502e900050033000000d0008180d2008a
:1073b8000281d2008381d200f9ff3700200f9800a4
:1073c800310f9800420f9800530f98004e0290001a
:1073d800de0290006e039000fe0390002e089000dd
:1073e800be0890004e099000de099000000072006f
:1073f8008180720002017300838173004007980046
:1074080051079800620798007307980084003700b6
:107418002e189000504890000080fb008000eb0080
:107428006011b800200f9800310f9800420f9800a3
:10743800530f98002e0090004302dd002e089000a4
:10744800be0890004e099000de0990000403780001
:107458000603e900050033000000d0008180d20057
:107468000281d2008381d200f9ff3700200f9800f3
:10747800310f9800420f9800530f98004e02900069
:10748800de0290006e039000fe0390002e0890002c
:10749800be0890004e099000de09900000007200be
:1074a8008180720002017300838173004007980095
:1074b8005107980062079800730798005800370032
:1074c8002e189000604890000080fb008000eb00c0
:1074d8006011b800200f9800310f9800420f9800f3
:1074e800530f98002e0090004302dd002e089000f4
:1074f800be0890004e099000de09900084037800d1
:107508008703e900050033000000d0008180d20025
:107518000281d2008381d200f9ff3700200f980042
:10752800310f9800420f9800530f98004e029000b8
:10753800de0290006e039000fe0390002e0890007b
:10754800be0890004e099000de099000000072000d
:1075580081807200020173008381730040079800e4
:107568005107980062079800730798002c003700ad
:107578002e189000704890000080fb008000eb00ff
:107588006011b800200f9800310f9800420f980042
:10759800530f98002e0090004302dd002e08900043
:1075a800be0890004e099000de0990008402780021
:1075b8008502e900050033000000d0008180d20078
:1075c8000281d2008381d200f9ff3700200f980092
:1075d800310f9800420f9800530f98004e02900008
:1075e800de0290006e039000fe0390002e089000cb
:1075f800be0890004e099000de099000000072005d
:107608008180720002017300838173004007980033
:10761800510798006207980073079800000000005f
:107628001e009000e70f500003003c001e00900071
:107638000000e800100798002e0090000000e80005
:10764800200798002e0090006101b9002e109000cc
:10765800be109000800f5100818f59008dfe3900b7
:107668002e109000be109000220020000300200081
:10767800820f5000838f58002b0032002200200018
:1076880003002000820f5000838f580006003e0040
:107698001200200003002000820f5000838f580042
:1076a8000c00320068003700420020000300200070
:1076b800820f5000838f58002f0032008200200074
:1076c80003002000820f5000838f58003f003200d3
:1076d8005d0037006e139000660f98000e1890003a
:1076e800100078000000e000030032000e1890003f
:1076f80010007800000001004e00900080407800e3
:107708006e089000014878000e1890001000900054
:107718000000e000450032000e18900010009000b4
:1077280000000100480037006e109000700f9800ac
:107738000e189000100078000000e00003003200ee
:107748000e1890001000780000000100ce00900094
:107758007e089000010878000e1890001000900034
:107768000000e000330032000e1890001000900076
:1077780000000100340037006e10900000179800d8
:107788000e189000100078000000e000030032009e
:107798000e18900010007800000001004e009000c4
:1077a800de0090000e1190000089be000e189000b7
:1077b800100090000000e000200032000e18900039
:1077c80010009000000001001f0037006e109000ac
:1077d800101798000e189000100078000000e000c4
:1077e800030032000e18900010007800000001001d
:1077f8001e1090004e029000de0290006e03900072
:10780800fe0390000498be000690be000e1890007b
:10781800100090000000e0000a0032000e189000ee
:107828001000900000000100070037000000000071
:1078380005003700000000000300370000000000ca
:1078480001003700000000001e0fe8009e1890009d
:107858009e027800638042004200dd0061007800eb
:107868000000e000bcfd3a002e18900010009000c7
:107878004200de00f17f20000100600080007800f7
:107888000e1890008006b0009a2607000080fa00c3
:10789800000006005800fa00501798006117980079
:1078a800e00220000e004000130020006e1190003e
:1078b800de109000fefa0700e10220008100470078
:1078c80014000900311f7800ae02b100f07f2000db
:1078d8001e006000800078006e109000808f5000bd
:1078e80036003a009e0090000000280000806000ea
:1078f8000000e0002f0032004e4090000080fb00a6
:10790800d10f2000810f500014003200d10f200049
:10791800810f500006003c000000e0000b00320020
:10792800c10f2000810f50000a00320017003700f5
:10793800e10f2000810f50000c003200f10f2000f1
:10794800810f50000d00320010003700d0ff2f00cb
:107958001b003700c0ff2f00190037008e00780089
:107968005e1090004ffd0700080037008e00780079
:107978005e1090004bfd0700040037008e00780071
:107988005e10900047fd0700000000004e40900088
:107998000004e000050032004e409000f04f400027
:1079a80002003e00a0ff2f00050037000000eb009a
:1079b80003003700e0ff2f00010037000080eb00d4
:1079c8000080fa00000006005800fa0050179800de
:1079d800611798006e109000200090004400de00af
:1079e800614060000081fb006e1090001000900064
:1079f8004200de00f17f2000010060008000780076
:107a0800e00220000e0040008201780001017800a9
:107a1800de109000a6fa0700e1022000810047006e
:107a280014000900311f7800ae02b100f07f200079
:107a38001e006000800078000078200080806000d0
:107a48005e10900000209100808040006e10900031
:107a5800100090004200de00f27f2000020060006b
:107a6800808f500057003a009e00900000002800c8
:107a7800008060000000e000520032006e109000ac
:107a880020009000700060000000e000310032002b
:107a98009e00900000002400008060000000e000cc
:107aa800480032004e4090000080fb00d10f2000bb
:107ab800810f500011003200d10f2000810f5000bb
:107ac80003003c000000e000080032001700370007
:107ad800e10f2000810f50000c003200f10f200050
:107ae800810f50000d003200100037008e00780022
:107af8005e109000ebfc07000c0037008e00780049
:107b08005e109000e7fc0700080037008e00780040
:107b18005e109000e3fc0700040037008e00780038
:107b28005e109000dffc0700000000004e4090004f
:107b38000004e000200032004e409000f04f40006a
:107b48001f003e008e0078005e109000d5fc0700f4
:107b58001c0037009e009000000024000080600098
:107b68000000e00017003a004e4090000080fb0043
:107b7800e10f2000810f500004003200f10f2000b7
:107b8800810f5000060032000a0037006e11900085
:107b98008e0078005e109000e2fc070005003700b8
:107ba8006e1190008e0078005e109000ddfc0700da
:107bb800000000000300370000000000010037004b
:107bc800000000000080fa00000006000400fa002f
:107bd800000f780011079800010a20001e8040005d
:107be800e20920008000eb0014e507001e00780081
:107bf8009e009000711899000080fa0000000600ad
:107c08000a00fa00200798003207980043079800f6
:107c180010002000000f78003e0090006100600016
:107c2800004078000004e0000f0032002e009000b1
:107c3800f018900000002800008060000000e000bc
:107c4800090032002e00900000c09000e44f400070
:107c5800050036002e009000c003b00080007800b8
:107c68002e0090008ffc07002e009000e00090008e
:107c780011079800150037003e009000ce009000d4
:107c88001e017800820178008301e90003003300b7
:107c98008100d1000080d300fbff3700000078008e
:107ca80061006000004078000004e000030032003a
:107cb8009e0090002e0090007afc07001e0fe8003e
:107cc8001e009000a002b000100798001e0090004f
:107cd8009000900000002800008060000000e00094
:107ce80008003200f00f20009e007800808f5000be
:107cf80004003c001e00900040409000e44f40000b
:107d0800ddff3e000080fa00000006001400fa00c3
:107d1800100f98000000eb00000f78006000b8001a
:107d280070079800010f98000000eb00000f780022
:107d3800500037009e0890001e0078004400dd00c7
:107d4800a00db000008040001000be00e00f500001
:107d5800e08f5800460032009e0890001e00780010
:107d68004400dd00a00db000008040001001be00fe
:107d78000e80e800800078001e0890007bfa07005b
:107d88000000e0003a003a006000b8007007980070
:107d9800010f98001e009000ae00900000017800ce
:107da800de0090006e0047009de407009e089000ea
:107db8001e0078004400dd00600eb0000080400026
:107dc8001001be007e0090008e089000000169003e
:107dd800818169009e0890001e0078004400dd0043
:107de800e00db000008040001000be0002027800e4
:107df8000301780080017800010078000302620026
:107e0800000061008000eb00c000dd0000002000e1
:107e18000001be006120b80000017100818171007d
:107e2800e00f5100e08f5900090032009e089000d1
:107e38001e0078004400dd00200eb00000804000e5
:107e48001000be000001be001e0890006cff070075
:107e58007e0090008e0890009e0990001e01780018
:107e68004411dd0002814100620eb0000089be00ad
:107e78001e0fe8001e007800e30f5000adff34002d
:107e88000000eb00000f7800090137001e09900080
:107e98001e0078006c00b90000007800200ab000cd
:107ea800000041001000be00e00f5000e08f5800b5
:107eb800360032001e0990001e0078006c00b900e0
:107ec80000007800a00ab000000041001000be00c9
:107ed800e00f5000e08f5800140032001e09900097
:107ee8001e0078006c00b90000007800a00ab000fd
:107ef800000041001001be001e089000701891009b
:107f08008000eb0000005100818059001e0a90009b
:107f18001e0178006c11b9000201780002014200cc
:107f2800a20ab0000089be00180037001e099000a0
:107f38001e0078006c00b90000007800200ab0002c
:107f4800000041001000be001e0a90001e017800cb
:107f58006c11b9000201780002014200a20ab000c7
:107f68000089be001e0990001e0078006c00b90050
:107f780000007800600ab000000041001000be0058
:107f88000001be001e0890001dff07009e0890001b
:107f98001e0078004400dd00a00bb0000080400007
:107fa8001000be00e00f5000e08f58003f00320084
:107fb8009e0890001e0078004400dd00a00bb00071
:107fc800008040001001be000e80e80080007800ac
:107fd8001e089000e5f907000000e00033003a00b1
:107fe8006000b80070079800010f98001e0090000c
:107ff800ae00900000017800de0090006e0047009f
:1080080007e407009e0890001e0078004400dd0089
:10801800600cb000008040001001be007e0090009f
:108028008e0890000000510081805900e00f500038
:10803800e08f580002003d0060001000e08018004a
:108048000001be009e0890001e0078004400dd007c
:10805800e00bb000008040001000be00800f51000f
:10806800818f5900110036009e0890001e0078008c
:108078004400dd00200cb000008040001000be006d
:108088000001be001e089000ddfe07007e00900083
:108098008e0890009e0990001e0178004411dd00b2
:1080a80002814100620cb0000089be001e099000e8
:1080b8001e0078007200b90000007800a011b0001e
:1080c800000041001000be00e00f5000e08f580093
:1080d800760032001e0990001e0078007200b90078
:1080e80000007800a011b000000041001001be009f
:1080f8000e80e800800078001e0890009bf90700b9
:108108000000e00069003a006000b80070079800bd
:10811800010f98001e009000ae009000000178004a
:10812800de0090006e004700bde307001e099000c6
:108138001e0078007200b900000078006012b000dc
:10814800620078000000e00028003a001e09900054
:108158001e0078007200b90000007800e011b0003d
:10816800000041001001be007e0090008e089000c3
:10817800800f5100818f5900430039001e0990007b
:108188001e0078007200b900000078008012b0006c
:10819800000041001001be001e0a90001e00780079
:1081a8007200b90000007800e011b0000000420041
:1081b8001000be00800f5100818f59003200360038
:1081c8001e0990001e0078007200b90000007800b7
:1081d8002012b000000041001000be000001be00e7
:1081e8001e08900086fe0700270037001e09900031
:1081f8001e0078007200b90000007800e011b0009d
:10820800000041001001be007e0090008e08900022
:10821800800f5100818f59001b003e001e099000fd
:108228001e0078007200b900000078008012b000cb
:10823800000041001001be001e0a90001e007800d8
:108248007200b90000007800e011b00000004200a0
:108258001000be00800f5100818f59000a003100c4
:108268001e0990001e0078007200b9000000780016
:108278002012b000000041001000be000001be0046
:108288001e0890005efe07007e0090008e08900099
:108298001e0a90001e0178007211b90002017800d0
:1082a800020142008212b0000089be001e0fe800e1
:1082b8001e007800e10f5000f4fe34000080fa0040
:1082c800000006000e00fa00000f78001107980061
:1082d800220798003307980044079800550798002c
:1082e800464f98004e4890000081fb001e00900009
:1082f8008000eb009e0178004411dd0002814100fe
:10830800220eb0000089be004e4890000080fb009d
:108318009e0078004400dd0000804000e00db000c1
:108328002e019000be0190000288be004e489000c9
:108338000080fb009e0078004400dd0000804000c3
:10834800a00db0004e019000de0190000288be0032
:108358000080fa00000006000e00fa00000f780006
:1083680011079800220798003307980044079800df
:1083780055079800464f98004e4890000081fb0032
:108388001e0090008000eb009e0178004411dd0083
:1083980002814100220cb0000089be004e489000c6
:1083a8000080fb009e0078004400dd000080400053
:1083b800e00bb0002e019000be0190000288be00c4
:1083c8004e4890000080fb009e0078004400dd00cd
:1083d80000804000a00bb0004e019000de0190002c
:1083e8000288be000080fa00000006000a00fa00b9
:1083f800000f7800110798002207980033079800ab
:10840800044f98000e4890000081fb001e00900069
:108418008000eb001e0278006c11b90002017800a0
:1084280002014200620ab0000089be000e489000b6
:108438000080fb001e0178006c00b9000000780085
:1084480000004100200ab0002e019000be019000fb
:108458000288be000080fa00000006000000fa0052
:108468000080fa00000006000000fa000080fa0010
:10847800000006000000fa000001eb006004200084
:108488007105200023742000804978008149780014
:1084980082497800c821ef00c825ef006021070055
:1084a800a135800000fe2f00008060005000b3005e
:1084b800a03588002136800000fe2f000080600073
:1084c8000040a000203688002135800000fe2f00e3
:1084d800008060007000b3002035880031368000cd
:1084e80000fe2f00008060003000b30030368800a6
:1084f800020420006004200071052000237420007d
:108508008049780081497800824978000080fa0023
:10851800000006000000fa000421a90021088000dc
:10852800f0fc2f00008060000050a00020088800a8
:10853800102720001008880005e1a8008460a90021
:108548009460a80021e1a9001fe1a9001e61a8000c
:108558001e21a9001ec1a900f10880000003200007
:1085680001007000f00888001821ef001421ef00c6
:1085780020002000e0088800a0252600d0088800f8
:108588008780a9009780a8000080fa0000000600f4
:108598000000fa000000fe000080fa00000006005b
:1085a8000000fa0011028000f0f12f000080600046
:1085b800100288000080fa00000006000000fa009f
:1085c80011028000000e20000100700010028800d7
:1085d8000080fa00000006000000fa001102800086
:1085e800000e200001007000100288000080fa00d0
:1085f800000006000000fa0011028000f0f12f00d0
:1086080000806000100288000080fa000000060068
:108618000200fa00000f78000080fa00000006004f
:108628000200fa00000f78000080fa00000006003f
:108638000200fa00000f78000080fa00000006002f
:108648000200fa00000f78000080fa00000006001f
:108658000600fa00000f780011079800220798001a
:108668001e007800fe0f500002003600f0012000c6
:10867800000f78009e009000e01f2000808f5000bf
:1086880002003600f01f2000100798002e0090000e
:10869800e20f50000200360030002000200798004a
:1086a8009e009000313a88002e009000004078002b
:1086b800634060000080fb00630060004600dd004e
:1086c800223a8000f1f32f00810061000100700060
:1086d800203a88001e007800004078007f40600043
:1086e8000080fb007f006000223a800001fe2f001e
:1086f8008100610001007000203a880032002000eb
:1087080080072000a10920003374200080497800e8
:108718008149780082497800120020006004200016
:108728007105200023742000804978008149780071
:108738008249780000000000113a800000002700fc
:108748008080600000002300808f5000faff3a000c
:1087580000000000113a8000000220000080600044
:108768000000e000fbff32000000eb000080fa0090
:10877800000006000000fa003eff07000080eb0042
:10878800601988003026ef004222ef006222ef00d5
:1087980060ff07000080fa00000006000400fa00ed
:1087a800008fbe001e01be00c06b21007e0f0700b7
:1087b8000080fa00000006000200fa000000eb004a
:1087c800000f78007dff07000060fe00f4ff200026
:1087d800150020000200200013002000c01029000e
:1087e800d70b0700000f78000060fe006cff070041
:1087f8006468ef000768ef0030c0b30062e8b700b4
:108808001e0078000000e000020032009000200006
:108818000600370040a680008040780060a68000ef
:1088280000407800f32307000000eb000080fa0006
:10883800000006000000fa00c0842000a00090009c
:1088480010002000010001000080fa00000006006e
:108858001800fa000001eb00e10120000000eb0025
:108868007bff07000060fe00c2ff07000060fe00fb
:10887800c423070012e8b7000060fe0012c8bf005a
:10888800e14f400008003a0010c1b30012e8b700f9
:1088980012c8bf000080fb0000017800e07f2500bf
:1088a80011002000f50c07000060fe00f4ff200016
:1088b800150020000200200013002000c01029002d
:1088c800760c07000060fe0010002000603f8a0060
:1088d80012c8bf000080fb00403e8a000000eb0089
:1088e800503e8a0000082000603e8a00507e20002a
:1088f800703e8a00f0072000403f8a008002200076
:10890800903f8a0010002000703f8a00c084200039
:10891800a0009000100020000100010012c8bf0054
:108928000080fb00e12f2400811f7800072f24001e
:10893800c6ae2800059f280024ac2800130020009c
:1089480000017800c1842000804c21000f1b070023
:108958008f87e9000000eb00801f78000000eb0023
:10896800801f78000000eb00801f78008003eb0078
:108978000003eb00053e24000002eb008001eb0041
:10898800223d2400416f2100c06b2100270e070003
:10899800e687570019230700b2418000c3418000d1
:1089a8000080eb008080eb00800f5100818f590020
:1089b80003003200b0418000c1418000020037004e
:1089c8009046260051d6240040bd880051bd88003d
:1089d800d2418000e34180000080eb008080eb0002
:1089e800800f5100818f590003003200d041800070
:1089f800e1418000020037000050250061122e007e
:108a080060bd880071bd8800f2418000034280008b
:108a18000080eb008080eb00800f5100818f5900af
:108a280003003200f041800001428000020037005c
:108a3800100020000100200080bd880091bd880042
:108a480012428000234280000080eb008080eb000f
:108a5800800f5100818f590003003a006043800065
:108a680071438000020037001042800021428000dc
:108a7800a0bd8800b1bd8800003e2400a0be8800cb
:108a88000042eb004206200003002000e101200024
:108a9800a057210055fe07000060fe00a0852000b9
:108aa800b00090000180a00031009800a08520004f
:108ab800650907000060fe00ba1f070054c8bf0020
:108ac8001d01070003e8b7000060fe002000070052
:108ad800504088006140880030c0b30062e8b700a9
:108ae8000868ef000e68ef000060fe00f92207003a
:108af8001fe1a80001003700000000000060fe0030
:108b08000a2307000000e00001003a00fe220700e7
:108b180013c8bf000004e000020032001368ef0031
:108b2800ae000700c0842000900090000e0078007e
:108b380001000100e10f5000efff3a00b2a68000eb
:108b48008e007800804c210002000100ebff370006
:108b58000e00fa006000b800008fbe006000b80088
:108b680050079800610798006000b8002007980037
:108b78003107980071c0b30056c8bf00371f0700ff
:108b880000e22400010020004923070070c0b30060
:108b980008e8b70008c8bf003320070030c0b3009a
:108ba80062e8b7006368ef006468ef001421ef0023
:108bb8001821ef001fe1a8000f68ef000040eb004c
:108bc800004f98006d003700361f07000060fe0058
:108bd8000000000063c8bf00e14f500003003200ee
:108be8000fc8bf000004e000faff32000fc8bf0042
:108bf8000004e000080032000868ef0008c8bf0061
:108c0800192007006368ef006000b800008fbe00fd
:108c18006000b8006f003700009021001040780015
:108c28000004e00005003d006368ef000e48900076
:108c38000040e900004f98004d0037001421ef0074
:108c48001821ef0000902100104078000080fb0000
:108c58008000eb00c001dd0002002000f08f210041
:108c6800104078000082fb008002eb004828dd00fd
:108c7800c820de00810070004820dd0002014000ad
:108c880083814800e08f2100104078000080fb00bd
:108c98008000eb00020040008380480050079800e5
:108ca800610798005e009000ee0090000ee007005b
:108cb800d2cc2c00c3dc230060e00700efdf070004
:108cc80050079800610798002e009000be009000a1
:108cd80005e007006266260063f6230057e00700f8
:108ce800e6df070020079800310798002e01900062
:108cf800be0190005e009000ee009000020040006f
:108d0800838048001e0f40005e97480000902100b5
:108d1800104078000080fb008000eb00c001dd00ff
:108d280002002000f08f2100104078000082fb0034
:108d38008002eb004828dd00c820de0081007000ba
:108d48004820dd000201400083814800e08f2100b7
:108d5800104078000080fb008000eb00020040001b
:108d68008380480020079800310798006368ef0067
:108d78000e4890000040e800004f98000e48900010
:108d88000004e00090ff3d001421ef001821ef00df
:108d98001fe1a9001e00be004909dd004700de00f2
:108da80000007100c708de00008fbe008040eb00a5
:108db80056c8bf00a91e070000e2240001002000d9
:108dc800bb2207000868ef0008c8bf00a61f0700fd
:108dd8001e00be000080fa00000006000000fa0035
:108de800a1a68000804c210001000100581f070047
:108df800532207005d0007000080fa00000006000b
:108e08000000fa00418020009140780054c8bf005b
:108e180080cf50000900320054c8bf0004e8b700f2
:108e280054c8bf008040780000c4b300531e070038
:108e380054c8bf004000070003e8b7005180200075
:108e48009140780055c8bf0080cf5000090032001b
:108e580055c8bf000034a10055e8b70055c8bf0089
:108e680005e8b70055c8bf008040780020c4b300ab
:108e7800421e07000070240090407800404c2100fa
:108e88001040780080cf500009003200404c21008b
:108e9800904078000070240001487800404c210080
:108ea800104078008040780040c4b300331e0700ab
:108eb8002070240090407800604c21001040780019
:108ec80080cf50000f003200604c21001040780025
:108ed800804078000104a000604c2100014878001f
:108ee800604c2100904078002070240001487800f0
:108ef800604c2100104078008040780060c4b300c6
:108f08001e1e0700618020009140780056c8bf00ef
:108f180080cf50000600320056c8bf0006e8b700f0
:108f280056c8bf008040780080c4b300131e0700f5
:108f38000080fa00000006000400fa0020479800ac
:108f48002e4090000080fb000000d1000040780017
:108f5800674f60001e80fb00110020000008dd0044
:108f6800004078000080fa00000006000000fa00c7
:108f7800889fbe008a1f780007c8bf000004e00071
:108f88000a003a000fc8bf000004e00007003a00da
:108f98001421ef001821ef00421e070010c0b30093
:108fa80007e8b70030c0b30062e8b70063c8bf0085
:108fb800e14f5000d6003a0007c8bf00e14f50000b
:108fc800d3003a000fc8bf000004e000d0003a0008
:108fd8001421ef001821ef00118120009140780042
:108fe80059c8bf0080cf50008400390008c8bf00ae
:108ff8000083fb0000902100104078000080fb00f7
:109008008000eb00c001dd0002002000f08f21008d
:10901800104078000082fb008002eb004828dd0049
:10902800c820de00810070004820dd0002014000f9
:1090380083814800e08f2100104078000080fb0009
:109048008000eb000200400083804800c231dd0050
:1090580002722400028141000089be0008c8bf00d6
:109068000080fb00c200dd00007224000080400088
:109078001001be005040800061408000800f510008
:10908800818f590008003e0008c8bf000080fb001f
:10909800c200dd0000722400008140006000b800ba
:1090a8000089be001000370008c8bf000082fb001e
:1090b80008c8bf000080fb00c200dd000072240069
:1090c800008040001001be005040800061408000d8
:1090d8000000510081805900c221dd000272240085
:1090e800028141000089be0008c8bf000085fb005e
:1090f80008c8bf000080fb00c200dd000072240029
:10910800008040001000be00f7de0700d2cc2c0023
:10911800c3dc230049df07000004be0008c8bf0005
:109128000080fb00c200dd00c07324000080400006
:109138001000be00ecde07006266260063f623001e
:109148003edf07000001be000800be006ede07001b
:10915800cade0700c251dd00c2732400028141004b
:109168000089be000ec8bf000040e8000ee8b70046
:1091780071852000914078000ec8bf0080cf500054
:1091880060003e0008c8bf000081fb0008c8bf009f
:109198000080fb00c200dd00c07324000080400096
:1091a8001000be00c211dd0042702400028141009f
:1091b8000089be00a0852000a30707000e68ef0005
:1091c80008c8bf000040e80008e8b70008c8bf00aa
:1091d800e64f5000010036000868ef0008c8bf00dd
:1091e8008040780056c8bf009c1d070008c8bf0013
:1091f8009d1e07001168ef004200370011c8bf002c
:109208000040e80011e8b70008c8bf000083fb0071
:1092180000902100104078000080fb008000eb00e7
:10922800c001dd0002002000f08f2100104078000e
:109238000082fb008002eb004828dd00c820de0029
:10924800810070004820dd00020140008381480051
:10925800e08f2100104078000080fb008000eb00c8
:109268000200400083804800c231dd00c273240040
:10927800028141000089be0008c8bf000080fb00d1
:10928800c200dd00c0732400008040001001be0051
:109298005040800061408000800f5100818f59004c
:1092a80008003e0008c8bf000080fb00c200dd00c7
:1092b800c0732400008140006000b8000089be002f
:1092c8001000370008c8bf000082fb0008c8bf00b4
:1092d8000080fb00c200dd00c07324000080400055
:1092e8001001be0050408000614080000000510025
:1092f80081805900c221dd00c2732400028141002f
:109308000089be00befe07006368ef000768ef0033
:109318000fc8bf00e14f50000e003a0058c8bf0008
:10932800e14f50000b003a00a0852000b0009000eb
:109338000180a00031009800a085200042070700a6
:10934800411d070010c0b30010e8b7005868ef00cf
:109358002200370010c8bf00e14f50001f003a003c
:10936800604c21001080fb00714c21009180fb00b3
:10937800c808dd00010070008000eb008000780064
:10938800404c21001080fb00524c21001281fb0050
:109398004811dd00020170000000eb0002007800b7
:1093a800648520001442780081017800000178006b
:1093b800518520009140780054c8bf00481d07001f
:1093c8001068ef000768ef006368ef001fe1a8006e
:1093d8001421ef001821ef000f68ef004f05780007
:1093e8004f04be000080fa00000006000200fa00e8
:1093f800000f7800f00720001e006000304288004f
:109408000080fa00000006000000fa0030428000e8
:109418000080fa00000006000000fa002e28ef0085
:1094280011fc07000080fa00000006001800fa008e
:10943800300f98006000b800008fbe006000b800d0
:1094480060079800710798006000b800200798002e
:10945800310798000000eb00400798000000eb007f
:10946800500798000000eb00500798007300370081
:10947800604180000000e800604188006041800091
:10948800670060006041880060418000e40f500080
:1094980035003200e40f50000c003c00e10f500092
:1094a8001a003200e10f500003003c000000e00009
:1094b8000f0032005e003700e20f50001b00320040
:1094c800e30f50002000320059003700e60f50002b
:1094d80034003200e60f50002a003500e70f500034
:1094e80037003200e80f50003d00320050003700ce
:1094f80080218000680060000000e0003d003a0024
:109508009000200050079800490037008121800012
:1095180000802000008060000000e00037003a0072
:1095280090002000500798004100370090218000eb
:10953800680060000000e00032003a00900020005f
:10954800500798003a0037009121800000802000e1
:10955800008060000000e0002c003a00900020002d
:109568005007980032003700a02180006800600092
:109578000000e00027003a00900020005007980003
:109588002b003700a12180000080200000806000af
:109598000000e00021003a009000200050079800e9
:1095a80023003700b0218000680060000000e00060
:1095b8001c003a0090002000500798001c0037005b
:1095c800b121800000802000008060000000e000e1
:1095d80016003a0090002000500798001400370049
:1095e800100020008041880090002000500798005b
:1095f8000f003700000000000d00370000000000d9
:109608000b003700000000000900370000000000d0
:1096180007003700000000000500370000000000c8
:1096280003003700000000000100370000000000c0
:109638005e0090000000e800500798005e0090006f
:10964800e80f50008aff34003e09900012007800ad
:1096580012019000e3006100000f9800110f9800bc
:109668003e089000100090004200de00f17f2000cc
:10967800010060008000eb00008fbe001e01be00ec
:109688004218dd00ce10de00810070004210dd00bf
:10969800008fbe00c0ff2100010020001e01be0097
:1096a8000202780003017800800178000100780048
:1096b80003026200000061008000eb00c000dd00d2
:1096c800000020000001be006120b8000001710008
:1096d80081817100028fbe000e0890009e089000e4
:1096e8004a09dd004600de0000007100c608de0001
:1096f80060079800710798000e0890009e08900077
:109708004a09dd00c601de00830171004a01dd005f
:10971800f0ff2f000100200002027800030178000a
:1097280080017800010078000302620000006100f7
:109738008000eb00c000dd00000020000001be003a
:109748006120b80000017100818171002207980032
:10975800330798003e0890002000900070006000d9
:109768000000e000080032001e10a0002e0090004b
:10977800be0090000090a0002007980031079800d4
:1097880010002000400798003e089000200090003c
:109798006f4060000080fb00200f98002e089000aa
:1097a800cf80de002e019000be0190000200400034
:1097b80083804800200798003107980060418000a6
:1097c8009e0078004401dd000040240000004100b4
:1097d8000108780060418000ee0090004401dd003f
:1097e800204024000000410001087800604180000a
:1097f800ae0090004401dd0040402400000041001c
:10980800010878004e0090000000e0001f003a00b8
:109818002e0890000000e0001c003200604180002b
:10982800be089000c10090004401dd0060402400a3
:10983800000041000108780060418000be089000e7
:10984800d10090004401dd00804024000000410068
:109858000108780060418000be089000e100900097
:109868004401dd00a0402400000041000108780008
:1098780060418000be089000f10090004401dd00c6
:10988800c0402400000041000108780060418000c9
:10989800e30f500018003200e30f500007003c00af
:1098a800e10f500010003200e10f500010003c00a2
:1098b8000000e0000a00320019003700e50f5000f0
:1098c80011003200e50f50000d003500e60f500082
:1098d8000f003200e70f50000f0032001000370071
:1098e8003064a8000e0037003164a8000c0037006f
:1098f8003264a8000a0037003364a8000800370063
:109908003464a800060037003564a8000400370056
:109918003664a800020037003764a8000000000081
:109928000080fa00000006000400fa0042418000ae
:1099380053418000f0ff2f0001002000800f5100ec
:10994800818f590019003e0000422000000f780066
:109958001e007800100078006101b80040418000c6
:1099680051418000020278000301780080017800ec
:109978000100780003026200000061008000eb0033
:10998800c000dd00000020000001be006120b8001a
:109998000001710081817100e00f5100e08f5900d2
:1099a8001d003200100020001c003700204220005b
:1099b800100798001e009000100078006101b800a0
:1099c80040418000514180004008de000100200035
:1099d8000202780003017800800178000100780015
:1099e80003026200000061008000eb00c000dd009f
:1099f800000020000001be006120b80000017100d5
:109a080081817100e00f5100e08f5900020032009f
:109a180010002000010037000000eb000080fa0071
:109a2800000006003400fa004241800053418000e3
:109a3800f0ff2f0001002000800f5100818f590096
:109a48002d003e0000422000000f780040218000d9
:109a58000000e0001e0032002824ef002019290031
:109a680040010700813f820000782000808040008c
:109a7800f07f200080806000f07f20000080600080
:109a88004200dd003e01900031002e00810061009f
:109a98000100700030079800ce00900000ff2f00f2
:109aa800008060000020a000400798004e00900051
:109ab8000040a1004007980000218000600798003e
:109ac80010218000700798006400470057fe0700c7
:109ad8001e0078001001780040418000514180004c
:109ae800000078000080ea00800061001e00780015
:109af800010878002d003700204220001007980048
:109b0800502180000000e0001e0032002a24ef00ef
:109b1800b019290013010700813f82000078200056
:109b280080804000f07f200080806000f07f20006f
:109b3800008060004200dd007e09900031002e00a8
:109b48008100610001007000700f98008e10900075
:109b580000ff2f00008060000020a0000017980080
:109b68000e1090000040a10000179800002180000e
:109b78002017980010218000301798007c004700bb
:109b88002afe07001e009000100178004041800066
:109b9800514180004008de00000078000080ea00a3
:109ba800800061001e009000010878000080fa0023
:109bb800000006000400fa0010079800402080000a
:109bc80000407800f043b2000080fb00000f7800ee
:109bd8001000200001002000404188005141880009
:109be80040418000514180001e01780082017800c8
:109bf8008301e90003003300000040008180480031
:109c0800fbff3700404188005141880046ff0700ac
:109c18000000e00066003200014024001e007800c9
:109c28004400dd0000804000304188003041800061
:109c380010007800c200de00f07f20000081600084
:109c48001e009000f17f200081006100c208dd0045
:109c58009001900032002e00028161008280700025
:109c68001100980030418000640040001000780026
:109c7800004078006f4060006f4060006f406000f7
:109c88009e0090000080fb006f006000a101900022
:109c980002ff2f000281610002007000a0009800fe
:109ca80030418000100078006100600000407800ba
:109cb8000004e000150032001e00900090009000a3
:109cc80001f0a000110098003041800064004000bd
:109cd8009000780000202000008060000000e00074
:109ce800050032001e009000a00090000140a00076
:109cf80021009800170037001e009000a000900077
:109d08000140a10021009800120037001e009000b9
:109d18009000900001f0a1001100980030418000ef
:109d280010007800620060000000e00005003200ca
:109d38001e009000a00090000140a00021009800a3
:109d4800040037001e009000a00090000140a10010
:109d580021009800304180006600400090007800a3
:109d68001e009000410098003041800068004000cb
:109d7800900078001e00900051009800304180004b
:109d88006a004000900078001e0090006100980072
:109d9800304180006c004000900078001e00900068
:109da800710098001fff0700100020000100370015
:109db8000000eb000080fa00000006000000fa0036
:109dc800704180000000e800704188007141800007
:109dd800f0f92000808f5000120036002e28ef0086
:109de8009860a9000ca4a9000c24a9000c04a900df
:109df80010002000f9020700a04180000000e000e8
:109e080001003a0095f90700a0418000e10f5000d9
:109e180001003a0094f90700a04180000000a20068
:109e2800a041880080418000e10f500003003a0003
:109e3800401a29004b0007003028ef000080fa0084
:109e4800000006002000fa00400f9800510f98000b
:109e5800620f9800635f98006e5890006140600040
:109e68000080fb00610060004400dd00ae0090004f
:109e78000140a10001007000200798006e089000c2
:109e8800004078006f4060000080fb006f006000b9
:109e98002e01900001ff2f00810061000100700079
:109ea80020079800ce089000f07f20008080600096
:109eb800f07f2000008060004200dd001e0190005d
:109ec80031002e0081006100010070001007980029
:109ed8006e0890000000e000060034005e08900064
:109ee80010007800400798005e0890000080e800a5
:109ef800500f98006e089000e20f500006003400e2
:109f08005e08900010007800500798005e089000e6
:109f18000080e800500f98006e089000e40f500091
:109f2800060034005e089000100078006007980072
:109f38005e0890000080e800500f98006e089000be
:109f4800e60f5000030034005e089000100078000f
:109f5800700798000e00780034fd07000080fa00b2
:109f6800000006001a00fa00400f9800a03f820087
:109f78000000e00036003200813f820000782000b7
:109f880080804000f07f200080806000f07f20000b
:109f9800008060004200dd001e01900031002e00ac
:109fa800810061000100700010079800ae00900069
:109fb80000ff2f00008060000030a00020079800fc
:109fc8002e0090000040a100200798004e08900045
:109fd80010407800004f98004e0890000000e800fc
:109fe80010407800104f98004e0890000080e8005c
:109ff80010407800204f98004e0890006300400001
:10a0080010407800304f98004e08900064004000df
:10a0180010407800404f98004e08900065004000be
:10a0280010407800504f98004e089000660040009d
:10a0380010407800604f98004e089000670040007c
:10a0480010407800704f98000e007800f7fc070069
:10a058000080fa00000006000200fa00000f7800f5
:10a0680056f90700904180000000e00053003200dc
:10a07800e9fc070050428000100090004200de001a
:10a08800f17f2000010060009e007800f27f200030
:10a09800020060004200dd009101900032002e00b5
:10a0a8000281610002007000900098005042800018
:10a0b8001001900031002e0081006100110098000d
:10a0c80050428000200090004400de00e140600023
:10a0d8001e0078008180fb00e1806000c408dd007c
:10a0e800200190000240a1008280700021009800a9
:10a0f80050428000f0009000600090001e0178003f
:10a108006001980071019800524280006000b80018
:10a11800600198007101980050428000d0009000c2
:10a12800400090001e0178004001980051019800fd
:10a13800524280006000b800400198005101980028
:10a148005042800020009000ef4060001e00780020
:10a158008180fb00ef806000a001900002ff2f00cb
:10a1680002816100828070002100980050428000c6
:10a178002001900001ff2f0081006100210098005c
:10a18800904180000000e900904188005042800022
:10a19800780040005042880051428000c0452100ac
:10a1a800808f50000200360040872000504288000f
:10a1b800fbf807001000200002003700f8f807003d
:10a1c8000000eb000080fa00000006000000fa0022
:10a1d800b023ef00b023ef00b823ef00ba23ef005d
:10a1e800b223ef00b423ef000080fa00000006005d
:10a1f8000000fa00bc23ef00c423ef00c623ef00e1
:10a20800be23ef00c023ef000080fa000000060024
:10a218000000fa00e023ef0000022200801d880001
:10a2280020442000c01d880070002000d01d880038
:10a2380060042000901d880000402000a01d8800b8
:10a24800b1e3a8000080fa00000006000000fa0050
:10a25800e023ef0000022000e01d880000442000f9
:10a26800201e880070002000301e88002002200078
:10a27800f01d880000402000001e8800bde3a800f3
:10a288000080fa00000006002000fa00889fbe0047
:10a29800200f9800320f9800430f9800510f980034
:10a2a800640f9800750f98006000b800008fbe001a
:10a2b8006000b80020079800310798006000b800d7
:10a2c80040079800510798000004a8002e08900045
:10a2d800000040000000400080007800004420009a
:10a2e80000804000600798002e0890004280de0041
:10a2f80000004000800078000042200000804000fc
:10a30800700798002e0890004380de00000040008f
:10a31800800078008041200000804000000f9800f5
:10a3280040412000100f98005e089000e10f500097
:10a3380049003a003e099000ce099000f0ff2f0036
:10a3480001002000020278000301780080017800f3
:10a358000100780003026200000061008000eb0049
:10a36800c000dd00000020000001be006120b80030
:10a37800000171008181710022079800330798005d
:10a388003e089000ce089000408cde00cf8cde00a6
:10a398000801be0030002000010020000202780001
:10a3a8000301780080017800010078000302620050
:10a3b800000061008000eb00c000dd00000020000c
:10a3c8000001be006120b8000001710081817100a8
:10a3d80042079800530798003e089000ce08900066
:10a3e800428bde00cf8bde000601be00f07f20002e
:10a3f8000100200002027800830178000001780043
:10a408000100780002016200008061008000eb001a
:10a41800c000dd0000002000008fbe006110b80001
:10a428001e1f70001e9770001e007800c500dd001a
:10a438004e00900000804000e80040006e00900050
:10a44800010878006e0090000080e800ae009000df
:10a4580001087800190037003e099000ce099000e5
:10a46800f07f2000010020000202780083017800bc
:10a47800000178000100780002016200008061009c
:10a488008000eb00c000dd0000002000008fbe004f
:10a498006110b8001e1f70001e9770001e00780023
:10a4a800c500dd006e009000010878006e00900085
:10a4b8000080e8008000eb00010878007e00900032
:10a4c800900078002e089000630060004200dd00d4
:10a4d8006e0990000010dd00810070007e00900081
:10a4e800010878000e089000900078002e0890006f
:10a4f80067006000000040007e0990000010dd0049
:10a50800810070000e089000010878001e08900075
:10a5180090007800120020002e0890000010dd0046
:10a52800810070001e089000010878000004a9004e
:10a538004f04be000080fa00000006001600fa0072
:10a54800881f780070079800020f9800130f980072
:10a55800210f98006000b800008fbe006000b800ae
:10a5680020079800310798006000b800400798005d
:10a57800510798000004a8007e00900000004000e9
:10a588000000400080007800004320000080400068
:10a59800600798002e089000e10f500049003a002b
:10a5a8000e0990009e099000f0ff2f000100200086
:10a5b8000204780003017800800178000100780027
:10a5c80003046400000061008000eb00c000dd00af
:10a5d800000020000001be006140b80000017100c9
:10a5e8008181710022079800330798000e089000b7
:10a5f8009e089000408bde00cf8bde000601be0077
:10a6080030002000010020000203780003017800d8
:10a6180080017800010078000303630000006100f6
:10a628008000eb00c000dd00000020000001be003b
:10a638006130b80000017100818171004207980003
:10a64800530798000e0890009e089000428ade008a
:10a65800cf8ade000401be00f07f20000100200048
:10a668000202780083017800000178000100780078
:10a6780002016200008061008000eb00c000dd0084
:10a6880000002000008fbe006110b8001e1f70007f
:10a698001e9770001e007800c500dd004e00900077
:10a6a80000804000e80040006e009000010878003b
:10a6b8006e0090000080e800ae009000010878006d
:10a6c800190037000e0990009e099000f07f2000c5
:10a6d8000100200002027800830178000001780060
:10a6e8000100780002016200008061008000eb0038
:10a6f800c000dd0000002000008fbe006110b8001f
:10a708001e1f70001e9770001e007800c500dd0037
:10a718006e009000010878006e0090000080e8004c
:10a728008000eb00010878000004a9004f047800bd
:10a738000080fa00000006000200fa000a24ef0078
:10a748000184a80001208000f08f2f0000806000a5
:10a7580000a0a00000208800000000000120800068
:10a76800000e20008080600000082000808f5000cc
:10a77800faff3a000164a8009120800080032000bd
:10a78800010070009020880012e4a8009120800049
:10a79800f08f2f00808060000050200001007000c2
:10a7a800902088009120800080ff2f0000806000aa
:10a7b8000020a0009020880012c4a80081208000fa
:10a7c800000c20000100700080208800603f82009b
:10a7d80000407800f043b200f043b200f043b2000a
:10a7e8008080fb00f0032000008060008220800051
:10a7f80001fc2f00810061000100700080208800aa
:10a808003120800000fe2f00008060000030a00092
:10a818003020880031208000f0ff21008080600017
:10a8280000002c0001007000302088000000eb00c0
:10a83800000f7800130037001e00780080004000e9
:10a84800807c24000080400010007800e10f400068
:10a85800100032001e00780080004000807c240038
:10a8680000804000100078006101b8001e007800e8
:10a878008002eb00f40020008000eb0082fe07005d
:10a888001e0fe8001e007800f00f5000eaff3600a7
:10a8980001003700000000000000eb00000f780006
:10a8a800120037001e00780080004000807c2400e1
:10a8b8000080400010007800e10f40000f003200d7
:10a8c8009e0078007080400080004000807c24005a
:10a8d80000804000100078006101b8001e00780078
:10a8e8008000eb0015ff07001e0fe8001e0078002f
:10a8f800e10f5000ebff36000100370000000000b8
:10a908002a24ef0050218000402188004021800047
:10a9180010218800102180000021880030e4a80060
:10a9280031e4a80032e4a80033e4a80034e4a80025
:10a9380035e4a80036e4a80037e4a80080218000a8
:10a948003000b30080218800812180000030200081
:10a958000100700080218800902180003000b30041
:10a9680090218800912180000030200001007000b3
:10a9780090218800a02180003000b300a021880029
:10a98800a12180000030200001007000a021880073
:10a99800b02180003000b300b0218800b1218000d0
:10a9a8000030200001007000b021880001208000e4
:10a9b800f08f2f0000806000002088000000000059
:10a9c80001208000000e2000008060000000e000f0
:10a9d800fbff3a000080fa00000006000600fa00bb
:10a9e800200798009860a9000ca4a9000c24a900cd
:10a9f8000c04a9002024ef002224ef009860a9008d
:10aa080030e4a90031e4a90032e4a90033e4a90044
:10aa180034e4a90035e4a90036e4a90037e4a90024
:10aa2800eafd0700f2fd07007bfa07002c28ef007b
:10aa38000000eb00000f7800130037000000eb0067
:10aa4800100798000c0037001e007800c300dd00d6
:10aa58001e0090000080400080004000004024005c
:10aa6800008040008000eb00010878001e00900084
:10aa78000000e800100798001e009000e70f500043
:10aa8800f1ff34001e0fe8001e007800ff0f500091
:10aa9800eaff34000a24a9000aa4a900703f820032
:10aaa80000407800674060000080fb00670060009d
:10aab8004c00dd00a2058000f1ff28008100610044
:10aac80001007000a0058800703f820000407800f7
:10aad800674060000080fb00670060004800dd0000
:10aae800a2058000f18f2f00810061000100700035
:10aaf800a0058800004024000008b000304188000c
:10ab080000102000010020004041880051418800c9
:10ab18003228ef004087200040428800408720000c
:10ab280050428800bafd0700c8fd070002ff070071
:10ab38002e0090000000e000030032009860a8009a
:10ab48000ca4a8000c24a8000080fa00000006004d
:10ab58000000fa009860a90001208000f08f2f0003
:10ab6800008060000080a000002088000000000035
:10ab780001208000000e200080806000000220007c
:10ab8800808f5000faff3a0030e4a90031e4a900b0
:10ab980032e4a90033e4a90034e4a90035e4a900ab
:10aba80036e4a90037e4a90088fd070090fd0700f6
:10abb8002024ef002224ef002824ef002a24ef00ad
:10abc80015fa07000080fa00000006000400fa00e9
:10abd800204798000040eb00004f78000b0037003a
:10abe8002e4090000080fb0061006000004078006b
:10abf8000004e000010032001e4fe8002e409000e3
:10ac08000080fb000000d100204798002e409000f3
:10ac18000004e000f2ff3a009e40780061c0600046
:10ac28000080fa00000006000e00fa0050079800a5
:10ac38006107980000a02500212620003007980011
:10ac4800410798006000b800008fbe000040eb008c
:10ac5800404798005e019000ee0190003e00900091
:10ac6800ce009000a9d80700008fbe005e019000ba
:10ac7800ee0190000071220001002000800f5100b9
:10ac8800818f59000d0036001e00be004e09dd0000
:10ac98004200de0000007100c208de00008fbe0026
:10aca8000081eb008081eb001e0f41005e97490098
:10acb80010c0b300404798000c0037001e00be00cb
:10acc800cc09dd004400de0000807100c408de000d
:10acd800008fbe000081eb008081eb001e0f410059
:10ace8005e9749000040eb00404798004e409000b6
:10acf800614060000080fb00610060004300dd00ef
:10ad0800011180000130a1000100700000118800cd
:10ad18001e007800401188000080fa00000006003c
:10ad28000400fa00100798001e009000104f7800e9
:10ad380065c8bf00e14f500008003a001e74a1002a
:10ad48001e80fb00c1082900614078000004e00073
:10ad5800120032001e74a0001000370065c8bf0042
:10ad6800e24f500008003a001e74a1001e80fb004c
:10ad7800c1082900614078000004e00007003a009b
:10ad88001e74a0000500370066c8bf00e14f5000e0
:10ad980002003a001e74a1001e74a0001e0090005c
:10ada8001e4878000080fa00000006000400fa003f
:10adb800100798001e009000104f780066c8bf006a
:10adc8000004e00003003a0065c8bf000004e0008a
:10add800010032001e74a1001e0090001e48780079
:10ade8000080fa00000006000800fa00200798001a
:10adf800310798000000eb00000f78000e003700c4
:10ae08002e0090001e004000c5ff070042c38000ce
:10ae18002e0090001e00400080007800a0852100d0
:10ae280002000100204798002e4090000004e00036
:10ae3800060032001e0fe8003e0090009e007800d9
:10ae4800808f5000eeff390001003700000000003d
:10ae58000080fa00000006000400fa0010079800bd
:10ae6800e2c780000e00e80080007800c08e210054
:10ae780002000100004f78001e4078000004e00046
:10ae8800050032009e4090001e00900001487800a6
:10ae980010c0b300010037000040eb000080fa004a
:10aea800000006000a00fa00200798003107980001
:10aeb800024f9800134f98000040eb00004f7800b5
:10aec8000040eb00104798001e489000e14f5000ea
:10aed80003003a000040eb00004f780005003700ff
:10aee8001e489000e24f500002003a0010c0b30024
:10aef800004f78000e4890000004e00003003a007c
:10af08000040eb00104798000b0037000e489000f7
:10af1800e14f500003003a0020c0b30010479800ea
:10af2800050037000e489000e24f500002003a003a
:10af380010c0b3001047980021e2a9009e40780095
:10af480061c060000080fb006100600001118000aa
:10af58000100a10001007000001188001e4090004f
:10af6800634060000080fb00630060000000400058
:10af78000211800091ff2f00810061000100700024
:10af88000011880020a2a9002062a8002e009000cd
:10af9800be00900024ff070023a2a90023e2a90015
:10afa80023c2a9002362a9002342a90022a2a90062
:10afb80011118000f0f32f0000806000101188004c
:10afc8008580a9008560a9009580a8009560a800e3
:10afd8000000eb001007980008003700e18f2100ff
:10afe8001e009000008040008040eb00014878007f
:10aff8001e0090000000e800100798001e00900056
:10b00800e20f5000f5ff36006468ef006368ef0058
:10b0180030c0b30062e8b70002082000a17d21001b
:10b02800a08521007f17070002082000c1862100a3
:10b03800c08e21007b17070021e2a8002342a80048
:10b048000080fa00000006000800fa0030079800a7
:10b058000040eb00004f78000040eb0010479800dc
:10b068000040eb00204798000040eb003047980074
:10b078000040eb00404798003e009000b000900070
:10b0880000102000008060000000e000060132008f
:10b098003e00900060409000e74f500011003a00d9
:10b0a8003e009000404090000004e0000d003a008f
:10b0b8003e00900050409000e24f500009003a00d6
:10b0c8000040eb001047980010c0b300004f780014
:10b0d8000040eb003047980010c0b30020479800ac
:10b0e800d80037003e00900060409000e74f5000c5
:10b0f80011003a003e00900040409000e14f50009f
:10b108000d003a003e00900050409000e14f500082
:10b1180009003a0010c0b300104798000040eb0047
:10b12800004f78000040eb003047980010c0b30093
:10b1380020479800c30037003e0090006040900010
:10b14800e74f500011003a003e0090004040900048
:10b15800e14f50000d003a003e0090005040900032
:10b16800e24f500009003a0010c0b30010479800a1
:10b178000040eb00004f78000040eb00304798009b
:10b1880020c0b30020479800ae0037003e00900072
:10b1980060409000e74f500011003a003e009000d8
:10b1a80040409000e24f50000d003a003e009000f1
:10b1b80050409000e14f500009003a0020c0b30011
:10b1c800104798000040eb00004f78000040eb006b
:10b1d8003047980010c0b300204798009900370006
:10b1e8003e00900060409000e74f500011003a0088
:10b1f8003e00900040409000e24f50000d003a00a1
:10b208003e00900050409000e24f500009003a0084
:10b2180020c0b300104798000040eb00004f7800b2
:10b228000040eb003047980020c0b300204798004a
:10b23800840037003e00900060409000e84f5000c6
:10b2480011003a003e009000404090000004e000e9
:10b258000d003a003e00900050409000e14f500031
:10b2680009003a000040eb00104798000040eb004e
:10b27800004f78000040eb003047980010c0b30042
:10b28800204798006f0037003e0090006040900013
:10b29800e84f500011003a003e00900040409000f6
:10b2a8000004e0000d003a003e009000504090007d
:10b2b800e24f500009003a000040eb0010479800a8
:10b2c8000040eb00004f78000040eb00304798004a
:10b2d80020c0b300204798005a0037003e00900075
:10b2e80060409000e84f500011003a003e00900086
:10b2f80040409000e14f50000d003a003e009000a1
:10b3080050409000e14f500009003a000040eb0027
:10b31800104798000040eb00004f780010c0b300c1
:10b328003047980010c0b300204798004500370008
:10b338003e00900060409000e84f500011003a0035
:10b348003e00900040409000e14f50000d003a0050
:10b358003e00900050409000e24f500009003a0033
:10b368000040eb00104798000040eb00004f7800c9
:10b3780010c0b3003047980020c0b30020479800a1
:10b38800300037003e00900060409000e84f5000c9
:10b3980011003a003e00900040409000e24f5000fb
:10b3a8000d003a003e00900050409000e14f5000e0
:10b3b80009003a000040eb00104798000040eb00fd
:10b3c800004f780020c0b3003047980010c0b30089
:10b3d800204798001b0037003e0090006040900016
:10b3e800e84f500011003a003e00900040409000a5
:10b3f800e24f50000d003a003e009000504090008f
:10b40800e24f500009003a000040eb001047980056
:10b418000040eb00004f780020c0b3003047980090
:10b4280020c0b300204798000600370010c0b300c2
:10b43800404798003e009000b00090000190a000a6
:10b44800310098004e4090000004e00012003a00dd
:10b458001e41900051862000824878001e417800e5
:10b4680061862000824878003e0090001000be00ef
:10b47800ae4190003e4190008afe0700002622005f
:10b48800010020000a1907003e009000b00090005b
:10b498000190a100310098003e009000b00090009b
:10b4a8000180a100310098000080fa000000060029
:10b4b8000200fa00111180000020200000806000c6
:10b4c8000000e0000a003a0052c380008e007800b5
:10b4d800a0852100020001000004e00006003200ff
:10b4e8001e4078000080fb0020118800f1ff370023
:10b4f8000000000001003700000000000080fa0092
:10b50800000006000000fa000080fa0000000600b3
:10b518000200fa000b00370030118000004078006c
:10b52800104798000e00e80020fe0700d2c78000f0
:10b538000e00e80080007800c08e210002000100a3
:10b54800004f780010118000610060000000e000ea
:10b55800f1ff3a000080fa00000006002200fa001d
:10b56800400f9800520f9800630f9800740f9800ce
:10b57800051798007e0990008e119000e0ff2f00bb
:10b58800f1ff2f00020278008301780000017800a3
:10b598000100780002016200008061008000eb0079
:10b5a800c000dd0000002000008fbe006110b80060
:10b5b8001e1f70001e9770006000b800600798009a
:10b5c800710798006c0047000002eb002300200080
:10b5d800000178001e00be002fd507006e01900004
:10b5e800fe019000a05a250001002000800f5100a4
:10b5f800818f590002003200b0ff2f004e00370043
:10b60800ce089000210798005e099000ee0990008e
:10b61800028fbe003d0037000060fe002e00900043
:10b6280090019000330798000000eb004007980055
:10b63800300037000060fe00be00900051079800ff
:10b648005e009000e30f500002003600300020003a
:10b65800500798006000b800000f9800110f98007c
:10b668006000b800200f9800310f98007000470064
:10b6780014002000de019000000178001e00be00ca
:10b6880005d507002e009000900078004e0090002d
:10b6980080804000740047005e01900060d607007b
:10b6a8000e0990009e0990002e089000be08900098
:10b6b800800f5100818f5900020032000080eb009a
:10b6c8001d00370022002000030020001e0f41004b
:10b6d8005e974900be0090005e0090000080500018
:10b6e80030079800ce0090005e0090000080400077
:10b6f800400798003e0090000000e000cdff3a00af
:10b708002e00900064004000200798007e089000fa
:10b718008e1090001e01be00800f5100818f5900cd
:10b72800040031002e009000100078000000e000b6
:10b73800b9ff3a000000eb000080fa0000000600a4
:10b748001a01fa00000f9900120f9900230f9900af
:10b75800340f9900450f99000e0891000000e00091
:10b7680002003a000080eb00ca0037001e08910072
:10b77800ae089100e00f5000e08f580002003a0038
:10b78800e0ff2f00c30037003e089100ce0891006b
:10b79800e00f5000e08f580002003a00d0ff2f0061
:10b7a800bc0037003e0a9100ce0a91001e099100a4
:10b7b800ae0991000e08910068ff07000000e00044
:10b7c800b30032001e099100ae099100028fbe003d
:10b7d8000000eb00200798000e0037002e009000b4
:10b7e8006101b9001e089100ae089100001f4100d8
:10b7f800019749000060fe00220424001e00be00dc
:10b8080078d40700ae00900000402000008040007f
:10b81800200798003e099100ce09910000c02f0032
:10b82800f1ff2f000200400083804800be0f500047
:10b83800ae8f5800e9ff3e008e099100330798004b
:10b848000000eb004007980070004700021020003d
:10b85800f10f2000f9d507001e099100ae099100eb
:10b86800028fbe003e0037000060fe003e009000e0
:10b8780090019000530798000000eb0060079800c3
:10b8880031003700de009000710798007e009000bc
:10b89800e30f5000020036003000200070079800c7
:10b8a8003e009000900078006e009000808040007c
:10b8b8004e0090004200dd0070014700000041008a
:10b8c8004e0190000201e800420798007e019000b6
:10b8d800d3d50700ce009000f0032000808f5000e1
:10b8e800110036000060fe007000470003042000cd
:10b8f800000178001e00be004ad407000060fe0068
:10b908007000470002102000f10f2000cbd507007f
:10b9180002082000030020001e0f41005e97490026
:10b928000000eb0040079800de0090007e009000c9
:10b938000080500050079800ee0090007e009000b4
:10b9480000804000600798005e0090000000e00062
:10b95800ccff3a003e009000640040003007980099
:10b968003e089100ce0891001e01be00800f5100d4
:10b97800818f5900040031003e00900010007800cb
:10b988000000e000b8ff3a004e0090000000e00020
:10b99800180032003e089100ce0891000008b1005e
:10b9a8000180b100be0f5000ae8f580004003e0069
:10b9b800a05a25000100200060079900710799002e
:10b9c8000060fe00700047000304200000017800ba
:10b9d8001e00be0013d407000060fe00020820000d
:10b9e800030020001e0f41005e9749000000eb0095
:10b9f800400798003e089100ce0891000008b10069
:10ba08000180b100be0f5000ae8f580020003600f4
:10ba18007000470002102000f10f200087d50700b2
:10ba2800a05a2500010020006007990071079900bd
:10ba38003e099100ce09910000f82f00f1ff2f0078
:10ba48000202780083017800000178000100780084
:10ba580002016200008061008000eb00c000dd0090
:10ba680000002000008fbe006110b8001e1f70008b
:10ba78001e9770000060fe0070004700030420005d
:10ba8800000178001e00be00e6d307000060fe003b
:10ba98000000eb000080fa00000006001a00fa001f
:10baa800000f9800120f9800230f9800340f980089
:10bab800450f98000e0890000000e00002003a00d0
:10bac8000080eb006b0037001e089000ae08900065
:10bad800e00f5000e08f580002003a00e0ff2f000e
:10bae800640037003e089000ce089000e00f500038
:10baf800e08f580002003a00d0ff2f005d003700a9
:10bb08003e099000ce099000e0ff2f00f1ff2f00c2
:10bb180002027800830178000001780001007800b3
:10bb280002016200008061008000eb00c000dd00bf
:10bb380000002000008fbe006110b8001e1f7000ba
:10bb48001e9770006000b8006007980071079800a1
:10bb58006c0047000002eb00230020000001780081
:10bb68001e00be00ccd307006e019000fe019000bd
:10bb7800a05a250001002000800f5100818f590034
:10bb880002003200b0ff2f003a0037008e08900004
:10bb9800210798001e099000ae099000028fbe0090
:10bba8000060fe00280037002e00900090019000f1
:10bbb800330798000000eb00400798001c0037008e
:10bbc800be009000510798005e009000e30f5000ff
:10bbd8000200360030002000500798002e00900028
:10bbe800900078004e009000008040001400200073
:10bbf800de019000000178001e00be00a6d30700f9
:10bc080022002000030020001e0f41005e9749001b
:10bc1800be0090005e009000008050003007980041
:10bc2800ce0090005e009000008040004007980021
:10bc38003e0090000000e000e1ff3a002e00900076
:10bc480064004000200798003e089000ce0890004d
:10bc58001e01be00800f5100818f59000400310081
:10bc68002e009000100078000000e000ceff3a009f
:10bc78000000eb000080fa00000006001208fa003d
:10bc8800c3802000830147008089be000081200016
:10bc98000000470002087800c0802000000047002c
:10bca800301f7800201778006a0047000002eb0078
:10bcb80023002000000178001e00be0076d3070094
:10bcc8005e0090000181200081004700910078000b
:10bcd800808f500002003a00100020005900370001
:10bce8006c00470002802000f10f2000d3d4070029
:10bcf8000000eb002007980000c02f00f1ff2f0084
:10bd080030079800410798003e019000ce0190004e
:10bd1800c0802000000047001000be00020278002a
:10bd280003017800800178000100780003026200b6
:10bd3800000061008000eb00c000dd000000200072
:10bd48000001be006120b80000017100818171000e
:10bd5800028fbe000060fe000000eb002007980084
:10bd6800100037002e0090004200dd00ec00470074
:10bd7800008140002e00900000004000cf80de00cf
:10bd88003e024000ae8248000400be0014002000bd
:10bd98003300200040d307002e0090000000e80088
:10bda80020079800ae009000d01f2000808f500020
:10bdb800ecff34000060fe00220424001e00be00d8
:10bdc80008d307000060fe00008120000000470043
:10bdd80010007800cf80de0082802000020147003a
:10bde8000089be000000eb00200798001100370012
:10bdf8000060fe002e0090004800dd00ec004700c7
:10be08000080400003042000000178001e00be00ee
:10be180004d307000060fe00020820000300200091
:10be28001e0f41005e9749002e0090000000e800b8
:10be3800200798002e009000e70f5000ecff340018
:10be48000000eb000080fa00000006000200fa0083
:10be5800000f78001e00780020019000b0019000cb
:10be68003017260061572600800f5100818f590036
:10be78000d003a001e01780010002000010020008b
:10be880020019800310198001e00780040109000b1
:10be98000000e000040032001e007800401090000e
:10bea80000000100060037001e0178001000200085
:10beb800010020002001980031019800a000200016
:10bec8000080fa00000006000200fa00000f780067
:10bed8001e00780040019000d00190003017260025
:10bee80061572600800f5100818f59000d003a00dc
:10bef8001e01780010002000010020004001980079
:10bf0800510198001e007800501090000000e000d9
:10bf1800040032001e00780050109000000001005c
:10bf2800060037001e0178001000200001002000e4
:10bf38004001980051019800a00020000080fa00fc
:10bf4800000006000200fa00000f78001e007800ca
:10bf580060019000f001900030172600615726001c
:10bf6800800f5100818f59000d003a001e017800a2
:10bf78001000200001002000600198007101980065
:10bf88001e007800601090000000e00004003200fd
:10bf98001e007800601090000000010006003700c5
:10bfa8001e017800100020000100200060019800a8
:10bfb80071019800a00020000080fa00000006002f
:10bfc8000200fa00000f78001e00780000099000b7
:10bfd800900990003017260061572600800f510005
:10bfe800818f59000d003a001e01780010002000d2
:10bff8000100200000099800110998001e0078002f
:10c00800701090000000e000040032001e0078006c
:10c018007010900000000100060037001e01780033
:10c028001000200001002000000998001109980064
:10c03800a00020000080fa00000006000200fa00bc
:10c04800000f78001e00780040099000d009900089
:10c05800c0f6260011462600800f5100818f590036
:10c068000d003a001e017800100020000100200099
:10c0780040099800510998001e00780000189000a7
:10c088000000e000040032001e0078000018900054
:10c0980000000100060037001e0178001000200093
:10c0a800010020004009980051099800a0002000d4
:10c0b8000080fa00000006000200fa00000f780075
:10c0c8001e00780060099000f0099000c0f6260074
:10c0d80011462600800f5100818f59000d003a004b
:10c0e8001e0178001000200001002000600998005f
:10c0f800710998001e007800101890000000e000f8
:10c10800040032001e0078001018900000000100a2
:10c11800060037001e0178001000200001002000f2
:10c128006009980071099800a00020000080fa00ba
:10c13800000006000200fa00000f78001e007800d8
:10c148000011900090119000c0f6260011462600bc
:10c15800800f5100818f59000d003a001e017800b0
:10c168001000200001002000001198001111980013
:10c178001e007800201890000000e0000400320043
:10c188001e0078002018900000000100060037000b
:10c198001e01780010002000010020000011980006
:10c1a80011119800a00020000080fa00000006008d
:10c1b8000200fa00000f78001e007800201190009d
:10c1c800b0119000c0f6260011462600800f5100dd
:10c1d800818f59000d003a001e01780010002000e0
:10c1e8000100200020119800311198001e007800ed
:10c1f800301890000000e000040032001e007800b3
:10c208003018900000000100060037001e01780079
:10c218001000200001002000201198003111980022
:10c22800a00020000080fa00000006001200fa00ba
:10c2380010079800210798003207980043079800d4
:10c24800540798006507980076079800070f98002c
:10c258000000eb00000f78000e0890000000e000de
:10c268000e0032003e0090000000e0000b0032009b
:10c278001e0090008e089000011898001e01900082
:10c288001000200001002000400998005109980082
:10c2980010002000000f7800070037001e009000f3
:10c2a8008000eb00011898001e0190006000b800a3
:10c2b80040099800510998003eb897000000e00036
:10c2c8000e0032003e0090000000e0000b0032003b
:10c2d8001e009000beb89700211898001e0190001b
:10c2e8001000200001002000001198001111980092
:10c2f80010002000000f7800070037001e00900093
:10c308008000eb00211898001e0190006000b80022
:10c3180000119800111198004eb897000000e00035
:10c328000e0032003e0090000000e0000b003200da
:10c338001e009000ceb89700111898001e019000ba
:10c348001000200001002000600998007109980081
:10c3580010002000000f7800070037001e00900032
:10c368008000eb00111898001e0190006000b800d2
:10c3780060099800710998002eb897000000e00045
:10c388000e0032003e0090000000e0000b0032007a
:10c398001e009000aeb89700311898001e0190005a
:10c3a8001000200001002000201198003111980091
:10c3b80010002000000f7800070037001e009000d2
:10c3c8008000eb00311898001e0190006000b80052
:10c3d80020119800311198004e0090000000e000f4
:10c3e8000e0032003e0090000000e0000b0032001a
:10c3f8001e009000ce009000411098001e01900091
:10c408001000200001002000200198003101980050
:10c4180010002000000f7800070037001e00900071
:10c428008000eb00411098001e0190006000b800e9
:10c4380020019800310198006e0090000000e00093
:10c448000e0032003e0090000000e0000b003200b9
:10c458001e009000ee009000611098001e019000f0
:10c468001000200001002000600198007101980070
:10c4780010002000000f7800070037001e00900011
:10c488008000eb00611098001e0190006000b80069
:10c4980060019800710198005e0090000000e000c3
:10c4a8000e0032003e0090000000e0000b00320059
:10c4b8001e009000de009000511098001e019000b0
:10c4c8001000200001002000400198005101980050
:10c4d80010002000000f7800070037001e009000b1
:10c4e8008000eb00511098001e0190006000b80019
:10c4f80040019800510198007e0090000000e00083
:10c508000e0032003e0090000000e0000b003200f8
:10c518001e009000fe009000711098001e0190000f
:10c52800100020000100200000099800110998005f
:10c5380010002000000f7800070037001e00900050
:10c548008000eb00711098001e0190006000b80098
:10c5580000099800110998001e0078000000e0000a
:10c56800060032003e0090000000e00003003200a8
:10c57800be0090002e009000c5e707001e01900045
:10c5880040002000010020000089be001e0190002c
:10c59800400020000100200020099800310998007f
:10c5a8000080fa00000006000600fa00000f78007c
:10c5b80012079800230798001e009000ae00900014
:10c5c8004200210003012000820f5000838f580091
:10c5d800390032004200210003012000820f500080
:10c5e800838f580010003e00220021000301200024
:10c5f800820f5000838f580029003200220021004a
:10c6080003012000820f5000838f580027003e004e
:10c618001200210003012000820f5000838f580070
:10c628001c003200330037002210210003012000d3
:10c63800820f5000838f58002500320022102100fd
:10c6480003012000820f5000838f580006003e002f
:10c658001210210003012000820f5000838f580020
:10c668001800320023003700321021000301200097
:10c67800820f5000838f58001800320042102100aa
:10c6880003012000820f5000838f580016003200eb
:10c69800180037001e007800ecfd07001600370070
:10c6a8001e00780008fe0700130037001e007800ff
:10c6b80024fe0700100037001e00780040fe070027
:10c6c8000d0037001e0078005cfe07000a003700e6
:10c6d8001e00780078fe0700070037001e0078006b
:10c6e80094fe0700040037001e007800b0fe070023
:10c6f800010037000000eb000080fa00000006008f
:10c708001200fa00000f98000000eb006007980084
:10c7180010002000000f780010002000100798007b
:10c728000040eb00604f98000e089000a1592600c9
:10c73800010878000e089000c167260011009800d3
:10c748000e089000e1742600210098000e08900061
:10c758008040eb00214898000e0890008000eb0014
:10c76800710098000e089000504890000080fb006f
:10c77800e11a290061407800ef4f50000c003e009c
:10c788000e089000504890000080fb00e11a290034
:10c79800614078000080fb009e0090000008dd00ea
:10c7a8001007980080062000500798000c003700fa
:10c7b8000e089000504890000080fb00e11a290004
:10c7c800614078000080fb00700050009e009000df
:10c7d8000008dd0010079800a00620005007980008
:10c7e8000e08900050489000e44f50000b003e00a7
:10c7f8000e089000504890000080fb009e007800d2
:10c808000008dd00000f7800002c20003007980099
:10c81800402c200020079800130037000e089000d5
:10c8280050489000e44f50000f0036000e0890006a
:10c8380050489000f44f50000b003e000e08900046
:10c84800504890000080fb00650050009e00780072
:10c858000008dd00000f7800802c200030079800c9
:10c86800c02c2000200798000e0890005048900027
:10c87800e94f5000070036000e089000504890001d
:10c88800f04f500003003e00e02c200040079800c5
:10c89800060037000000eb00400798000e089000e3
:10c8a800e00090000120a100610098000e089000af
:10c8b80060009000610060000000e0003f003a0066
:10c8c8004e0090000000e000180032000e089000b2
:10c8d80060009000640060000000e0001300320077
:10c8e8004e009000100078009e0070004e009000ee
:10c8f800010878002e009000900078001e80ea0061
:10c90800808060002e00900001087800802c2000b4
:10c91800200798002e009000100078009e007000fc
:10c928002e00900001087800360037004e00900075
:10c938000000e000120032000e0890006000900035
:10c94800640060000000e0000d003a004e00900016
:10c95800900078001e80ea00808060004e00900001
:10c96800010878003e009000900078001e80ea00e0
:10c97800808060003e0090000108780021003700a8
:10c988004e0090000000e0001b003a000e089000e6
:10c9980060009000640060000000e00018003a00a9
:10c9a8003e009000900078001e80ea0080806000c1
:10c9b8003e00900001087800120037000e08900031
:10c9c80060009000610060000000e0000d0032008f
:10c9d8003e009000100078009e0070003e0090001d
:10c9e800010878000e089000e00090000120a100e6
:10c9f80061009800030037000000000001003700c4
:10ca0800000000000e0890006000900061006000c7
:10ca18000000e00008003a000e0890006000900056
:10ca2800640060000000e000170032004e00900033
:10ca38000000e000140032000e0890006000900032
:10ca4800680060000000e000070032005e0090000f
:10ca5800900078001e009000810070005e00900039
:10ca6800010878000f0037005e0090009000780001
:10ca78001e0090000080ea00808060005e00900048
:10ca880001087800070037005e00900090007800e9
:10ca98001e0090000080ea00808060005e00900028
:10caa800010878000e0890006000900061006000a6
:10cab8000000e0001a003a000e08900060009000a4
:10cac8004400de0061406000804078000e0890005d
:10cad800600090000000d1006140600000c0680064
:10cae800604f98006e489000e14f500006003a00f1
:10caf8002e009000100078009e0070002e0090001c
:10cb080001087800060037002e0090009000780099
:10cb18001e80ea00808060002e00900001087800e6
:10cb28006e0090000080fa00000006000800fa007d
:10cb380030079800be009000210798000000eb0025
:10cb4800000f78000000eb00100798002e009000fe
:10cb580050489000e44f50000c003e002e0090001a
:10cb680060009000640060000000e00059003a0096
:10cb780011168000010f78002e0090005048900098
:10cb88000080fb00100798001f0037002e0090005f
:10cb980050489000e44f50001b0036002e009000d3
:10cba80050489000f44f500017003e002e009000af
:10cbb80060009000640060000000e0000b0032009c
:10cbc8002e00900050489000e94f50004300360076
:10cbd8002e00900050489000f04f500041003e0059
:10cbe80051168000010f78000200370051168000ae
:10cbf800010f78002e009000504890000080fb0044
:10cc080065005000100798001e0090009e007800f4
:10cc18000008de00000f78009e007800618f600039
:10cc28002e009000600090000000d100614060007c
:10cc38000080fb001e0f68001e00780000f0a700af
:10cc48000000ea000000ea004f00de00be0090008d
:10cc5800a14890008180fb00810f5000190032002c
:10cc68002e009000f00090003e00900030009000f0
:10cc7800808040002e009000710098002e009000e7
:10cc8800f00090003e00900040009000808f50001f
:10cc9800150039002e0090008000eb00710098000c
:10cca8001e00780000f0a7000000ea000000ea007b
:10ccb8004f00de00804078003e0090002148980038
:10ccc800090037002e0090008000eb0071009800ea
:10ccd80005003700000000000300370000000000d6
:10cce80001003700000000000080fa000000060084
:10ccf8000e00fa0050079800414f9800de0090009f
:10cd0800210798002e0090006000900061006000ec
:10cd18000000e00052003a000040eb006047980035
:10cd280010002000400798000000eb00000f78007a
:10cd38002e00900050489000e44f50000c003e0038
:10cd48002e00900060009000640060000000e00089
:10cd580045003a00402c2000100798002e00900053
:10cd6800504890000080fb00000f78001f0037003b
:10cd78002e00900050489000e44f50003c003600d0
:10cd88002e00900050489000f44f50003a003e00aa
:10cd98002e00900060009000640060000000e00039
:10cda8000b0032002e00900050489000e94f5000d0
:10cdb800330036002e00900050489000f04f50008d
:10cdc80031003e00802c2000100798000200370038
:10cdd800c02c2000100798002e00900050489000aa
:10cde8000080fb0065005000000f78001e007800ee
:10cdf800ce0090000008dd0040079800ce48900063
:10ce08002e009000600090000000d100614060009a
:10ce180000c06800604798006e4090000004e00081
:10ce280008003a001e009000900078004e00900024
:10ce38000080ea00808060001e00900001087800f1
:10ce4800120037001e009000900078004e009000fd
:10ce5800810070001e009000010878000b00370068
:10ce6800000000000900370000000000070037003c
:10ce78000000000005003700000000000300370034
:10ce88000000000001003700000000000080fa00e8
:10ce9800000006000800fa0030079800be00900065
:10cea800210798000000eb00000f78000000eb005d
:10ceb800100798002e00900050489000e44f500052
:10cec80007003e0011168000010f78002e00900028
:10ced800504890000080fb00100798000f003700b2
:10cee8002e00900050489000e44f50000b00360090
:10cef8002e00900050489000f44f500007003e006c
:10cf080051168000010f78002e00900050489000c4
:10cf18000080fb0065005000100798001e0090007c
:10cf28009e0078000008de00000f78009e00780060
:10cf3800618f60002e009000600090000000d1001a
:10cf4800614060000080fb001e0f68001e00780032
:10cf580000f0a7000000ea000000ea004f00de0031
:10cf6800004078000080fa00000006000600fa0081
:10cf7800200798002e009000404890000080fb0099
:10cf88008000eb00008fbe001e01be004818dd00c7
:10cf9800c810de00810070004810dd00008fbe0060
:10cfa8002e009000304890000080fb008000eb00cd
:10cfb8001e1f70001e9770001e01be004818dd007d
:10cfc800c810de00810070004810dd00008fbe0030
:10cfd8002e009000204890000080fb008000eb00ad
:10cfe8001e1f70001e9770001e01be004818dd004d
:10cff800c810de00810070004810dd00008fbe0000
:10d008002e009000104890000080fb008000eb008c
:10d018001e1f70001e9770001e00be000080fa00e0
:10d02800000006002000fa00600f9800710f9800b9
:10d038007e089000004890000080fb00000f7800f8
:10d048001e0078006101b800c0ff2f00f1ff2f001b
:10d058000200400083804800c2072000030020002f
:10d06800820f5000838f5800d8013e0000600100f5
:10d078007c003700d5013700d4013700d3013700d1
:10d08800d2013700d1013700d0013700cf01370076
:10d09800ce013700cd013700cc013700cb01370076
:10d0a800ca013700d2003700c8013700c70137006e
:10d0b800c6013700c5013700c40137000801370031
:10d0c800c2013700c1013700c0013700bf01370076
:10d0d800be013700bd013700bc013700bb01370076
:10d0e800ba013700b9013700b8013700b701370076
:10d0f800b6013700b5013700b4013700b301370076
:10d10800b2013700b1013700b0013700af01370075
:10d11800ae013700ad013700ac013700ab01370075
:10d12800aa013700a9013700a8013700a701370075
:10d13800a6013700a5013700a4013700a301370075
:10d14800a2013700a1013700a00137009f01370075
:10d158009e0137009d0137009c0137009b01370075
:10d16800470037004c0037005100370056003700a1
:10d178009601370095013700fa003700ff003700a5
:10d1880004013700090137000e0137001301370089
:10d198008e0137008d0137008c0137008b01370075
:10d1a8008a01370089013700880137008701370075
:10d1b8008601370085013700840137008301370075
:10d1c8008201370081013700800137007f01370075
:10d1d8007e0137007d0137007c0137007b01370075
:10d1e8007a01370079013700780137007701370075
:10d1f8007601370075013700740137007301370075
:10d208007201370071013700700137006f01370074
:10d218006e0137006d0137006c0137006b01370074
:10d228006a01370069013700680137006701370074
:10d238006601370065013700640137006301370074
:10d248006201370061013700600137005f01370074
:10d258005e0137005d0137005c0137005b01370074
:10d26800350137007e089000104890000080fb00d0
:10d27800e10060006e08900011009800530137002b
:10d288007e08900039ff07006e0990002009980079
:10d29800310998004d0137007e08900033ff0700e0
:10d2a8006e0990004009980051099800470137001d
:10d2b8007e0890002dff07006e0990006009980015
:10d2c80071099800410137007e08900027ff070088
:10d2d8006e09900000119800111198006e089000d6
:10d2e800b000900020009000e00f5000e08f580040
:10d2f800170132006e08900020099000b0099000d4
:10d308006e089000b000900020009000800f51003f
:10d31800818f590010013a006e0890004009900072
:10d32800d00990006e089000d00090004000900056
:10d33800800f5100818f590009013a006e08900052
:10d3480060099000f00990006e089000f0009000cd
:10d3580060009000800f5100818f590002013a004f
:10d368006e08900000119000901190006e089000d7
:10d378009008900000089000800f5100818f59009c
:10d38800fb003a006e089000110020001100980080
:10d39800e40047000b0009008018eb00be00900075
:10d3a80030002e008080600000f92100010070002c
:10d3b80030079800ce00900000ff2f00008060002a
:10d3c8000030a0004007980040c4b300404f9800c8
:10d3d80010c0b300504f98006e0890006010900085
:10d3e800900078006400470001000100f700370052
:10d3f8006e08900010009000e10f5000de003a0027
:10d408007e089000104890000080fb0010079800ec
:10d418001e0090000000e000190032009e009000fd
:10d42800f0072000808f500015003e006e08900025
:10d43800701090009e00900001087800e4004700fa
:10d448000b0009008018eb00be00900030002e0091
:10d458008080600000f9210001007000300798000a
:10d46800ce00900000ff2f00008060000030a00078
:10d478004007980010c1b300404f980012003700d1
:10d48800e40047000b0009008018eb00be00900084
:10d4980030002e008080600000f92100010070003b
:10d4a80030079800ce00900000ff2f000080600039
:10d4b8000030a0004007980010c1b300404f98000a
:10d4c80010c0b300504f98006e0890006010900094
:10d4d800900078006400470001000100bb0037009d
:10d4e8006e08900010009000e10f5000a4003a0070
:10d4f8006e089000001890000000e000a2003200c2
:10d508006e0890000018900000000100e400470039
:10d518000b0009008018eb00be00900030002e00c0
:10d528008080600000f92100010070003007980039
:10d53800ce00900000ff2f00008060000030a000a7
:10d548004007980070c1b300404f98006e089000e3
:10d55800601090009000780064004700010001000e
:10d568009a0037007e08900080fe07006e09900040
:10d578002009980031099800940037007e0890002f
:10d588007afe07006e09900040099800510998003a
:10d598008e0037007e08900074fe07006e09900028
:10d5a8006009980071099800880037007e0890008b
:10d5b8006efe07006e099000001198001111980086
:10d5c800820037007e08900068fe07006e09900010
:10d5d80020119800311198007c0037007e089000d7
:10d5e80062fe07006e0990004011980051119800e2
:10d5f8006e089000b000900020009000e00f5000ee
:10d60800e08f5800620032006e0890002001900000
:10d61800b00190006e089000b008900020089000bb
:10d62800800f5100818f59005b003a006e0890000e
:10d6380040019000d00190006e089000d008900042
:10d6480040089000800f5100818f590054003a0023
:10d658006e08900060019000f00190006e08900044
:10d66800f008900060089000800f5100818f5900e9
:10d678004d0039006e08900060019000f0019000a4
:10d688006e0890009010900000109000800f5100dc
:10d69800818f590046003e006e08900000099000f6
:10d6a800900990006e089000b01090002010900033
:10d6b800800f5100818f59003f0039006e0890009b
:10d6c80000099000900990006e089000d01090001a
:10d6d80040109000800f5100818f590038003e00a3
:10d6e800e40047000b0009008018eb00be00900022
:10d6f80030002e008080600000f9210001007000d9
:10d7080030079800ce00900000ff2f0000806000d6
:10d718000030a00040079800f0c4b300404f9800c4
:10d728006e08900060109000900078006400470038
:10d7380001000100250037006e08900010009000dd
:10d74800e10f500020003a0091eb07001f0037005e
:10d75800000000001d003700000000001b0037001b
:10d768000000000019003700000000001700370013
:10d77800000000001500370000000000130037000b
:10d788000000000011003700000000000f00370003
:10d79800000000000d003700000000000b003700fb
:10d7a80000000000090037000000000007003700f3
:10d7b80000000000050037000000000003003700eb
:10d7c8000000000001003700000000000080fa009f
:10d7d800000006000400fa00100798001e009000e0
:10d7e80010007800200190001e009000c0009000fa
:10d7f8001e00900010007800020001001e0090003a
:10d8080010007800300190001e0090005000900039
:10d81800904078008180fb008001e8001e009000a5
:10d82800530098001e0090001000780002000100cc
:10d838001e009000600090008000e9001e0090002b
:10d84800610098000000eb00000f78001e007800cf
:10d858000000a000000f78001e0078000010a00053
:10d86800000f78001e0078000040a100000f78002b
:10d878001e00900010007800100178001e00900033
:10d88800100078009e007800020001005006200079
:10d898000080fa00000006000400fa001007980053
:10d8a8001e00900010007800200190001e009000db
:10d8b800c00090001e0090001000780002000100d7
:10d8c8001e009000000890008000e9001e009000f3
:10d8d800010898000000eb00000f78001e00780097
:10d8e8000000a000000f78001e0078000010a000c3
:10d8f800000f78001e0078000040a000000f78009c
:10d908001e009000000890000000e00004003200b3
:10d918001e0078000030a000000f780003003700d8
:10d928001e0078000020a000000f78001e00900064
:10d9380010007800100178001e0090001000780098
:10d948009e00780002000100600620000080fa00b6
:10d95800000006000400fa00100798001e0090005e
:10d96800600090000000e00019003a001e009000de
:10d97800000890000000e00012003a000000eb00f0
:10d98800000f78001e0078000020a000000f78002b
:10d998001e00900010007800100178001e00900012
:10d9a800100078009e007800020001001e00900020
:10d9b800300090008000eb005100980040062000e5
:10d9c800220037001e009000b3ff07001f00370039
:10d9d8001e00900010007800300190001e0090009a
:10d9e80050009000904078008180fb008001e800a2
:10d9f8001e009000530098001e0090001000780050
:10da0800020001001e009000600090008000e90004
:10da18001e009000610098000000eb00000f7800e5
:10da28001e0078000000a000000f78001e00900083
:10da380010007800100178001e0090001000780097
:10da48009e00780002000100500620000080fa00c5
:10da5800000006000400fa00881f780010079800ec
:10da68001e009000700490001e00900010007800c6
:10da7800c00090001e009000100078000100010016
:10da880000407800004c78008800e8001e009000f4
:10da9800710098001e009000000890000000e0004f
:10daa80006003a001e009000300090008000eb0055
:10dab8005100980040062000200037001e0090000a
:10dac800000890008000e9001e00900001089800fe
:10dad8000000eb00000f78001e0078000000a00096
:10dae800000f78001e0078000040a000000f7800aa
:10daf8001e009000000890000000e00004003200c2
:10db08001e0078000030a000000f780003003700e6
:10db18001e0078000020a000000f78001e00900072
:10db280010007800100178001e00900010007800a6
:10db38009e00780002000100600620004f04780073
:10db48000080fa00000006000400fa0010079800a0
:10db58001e00900030009000210020005100980025
:10db68000000eb00000f78001e0078000020a000e5
:10db7800000f78001e009000100078001001780057
:10db88001e009000100078009e007800020001003e
:10db9800400620000080fa00000006000400fa0099
:10dba800100798001e0090003000900031002000ff
:10dbb800510098000000eb00000f78001e0078006c
:10dbc8000020a000000f78001e00900010007800d0
:10dbd800100178001e009000100078009e00780068
:10dbe80002000100400620000080fa000000060044
:10dbf8000600fa0010079800210798001e00900000
:10dc0800300090000000e00002003a006000b80018
:10dc1800120037001e009000b0009000010f78003d
:10dc28000a0037002e0090009e007800808f500078
:10dc380003003a0010002000010020000700370010
:10dc48001e007800e0009000010f78001e007800a8
:10dc58000000e000f3ff3a006000b8000080fa001e
:10dc6800000006000600fa00100798002107980037
:10dc78002e0090008000eb00610098002e009000bc
:10dc880041002000510098001e00900030009000d4
:10dc98000000e0000c003a001e009000ae0090006a
:10dca800310098001e009000b010900020109000e5
:10dcb80061004000e08048001e019000201198009b
:10dcc80031119800160037001e009000b000900037
:10dcd800010f7800030037001e007800e000900074
:10dce800010f78001e007800600090000000e0003e
:10dcf800f9ff3a001e007800ae009000610098001d
:10dd08001e009000b01090002010900061004000ac
:10dd1800e08048001e019000201198003111980001
:10dd28000080fa00000006000200fa00000f7800e8
:10dd38001e007800b00090001e00780068014000c6
:10dd48000600090031197800e100b1001e007800d2
:10dd58003000900011002000510098001e0078004b
:10dd6800600090000000e000070032001e0078000c
:10dd7800700990009e0078007680400051062000cf
:10dd8800020001000a0037001e0078000008900019
:10dd98000000e000060032001e00780070099000c4
:10dda8009e007800768040004106200002000100b5
:10ddb8000080fa00000006000400fa00000f780056
:10ddc800110798009e0090001e00780088ff070049
:10ddd800e00f5000e08f58000b003a009e009000c2
:10dde8001e0078009fff07001e007800300090009a
:10ddf800600090000000e00004003a001e00780077
:10de0800c9ff070001003700000000000080fa0089
:10de1800000006000200fa00000f78001e007800db
:10de2800300090000000e0000b0032001e00780077
:10de380030009000e00090001e007800310098004b
:10de48001e007800300090000000e0000200320060
:10de58001e007800b4ff07000080fa0000000600ea
:10de68000400fa00100798001e009000300090008f
:10de78000000e000380032001e009000100078001a
:10de8800100190001e0090001000780080007800bb
:10de98000e007800020001001e0078006200600099
:10dea8000000e00007003a001e0090007009900092
:10deb8001e00900076004000a1062000020001002c
:10dec800150037001e007800640060000000e000c4
:10ded800070032001e009000700990001e0090009c
:10dee8007600400071062000020001000a00370099
:10def8001e007800680060000000e00006003200a4
:10df08001e009000700990001e00900076004000ee
:10df180091062000020001001e00900030009000d1
:10df280050009000e10f50000c0032001e009000dd
:10df3800b01090002010900061005000e080580060
:10df48001e01900020119800311198001e009000c9
:10df5800b0ff070001003700000000000080fa0051
:10df6800000006000200fa00000f78001e01780089
:10df78006000b80020119800311198001e00780048
:10df880041f32600210098001e00780001ee2600cb
:10df9800110098001e0078008000eb003100980006
:10dfa8009e00780068804000e20020008000eb00be
:10dfb80022cc07001e007800760140004118290095
:10dfc80006000900311978001e017800760041002a
:10dfd8008300200042152900410620000c0c070090
:10dfe8001e0078009e007800310898000080fa0032
:04dff800000006001f
:020000040000fa
:10dffc00680800000400000000000000c847000092
:10e00c002e00000002000000ffffff00ffffff00da
:10e01c00ffffff00ffffff00ffffff00ffffff0000
:10e02c00ffffff00ffffff00ffffff00ffffff00f0
:10e03c00ffffff00ffffff000100000000010000d8
:10e04c00000000000000000000440000000200007e
:10e05c000000000074080000000c0000000000002c
:10e06c002608000010000000000000004608000018
:10e07c000e00000002000000050074000874080087
:10e08c001a4a300050f25400e24e0000f6470000ed
:10e09c000400000000000000584700007000000061
:10e0ac000200000000000000000000000000000062
:10e0bc000000000002120000000000000000000040
:10e0cc00000000000000000000021300000000002f
:10e0dc000000000000000000000000000000020032
:10e0ec001400000000000000000000000000000010
:10e0fc0000000000000f0000000000000000000005
:10e10c0000000000000000000000100000000000f3
:10e11c0000000000000000000000000000000300f0
:10e12c0007000000000000000000000000000000dc
:10e13c0000000000030800000000000014080000ac
:10e14c0012000000000000007414000066030000c0
:10e15c00020000004e616d00653a20006e6f6e008b
:10e16c00650000000000000000000000000000003e
:10e17c000000000000000000000000000000530040
:10e18c004e3a20006e6f6e0065000000000000002b
:10e19c000000000000000000000000000000000073
:10e1ac0000000000000000000044610074653a00ab
:10e1bc00206e6f006e650000000000000000030080
:10e1cc00002100000000f40001000000010000002c
:10e1dc0000ca7a00027cc2007d427c00fe7d0000f9
:10e1ec0000020000000014007e827e00ca7f000046
:10e1fc000014050001007f00007f00006680d8003d
:10e20c0080e68000a8810800894289007e89b200de
:10e21c008900000000000000000000000000000069
:10e22c0000000000000000000000000000000000e2
:10e23c000064000000000300000000000000080063
:10e24c00894289007e89b20089000000000000002c
:10e25c0000000000000000000000000000000000b2
:10e26c000000000004824800826282008a829e00c4
:10e27c0082b88200d682f200821483000000000073
:10e28c000000000000000000001c8c000889420007
:10e29c00897e8900b28900000000000000000000a7
:10e2ac000000000000000000000000000000000062
:10e2bc000000000000004e003ce83c008a3e0000dc
:10e2cc000000000000000000000000000000000042
:10e2dc000000000000000000000000000000000032
:10e2ec000000000000000000000000000000000022
:10e2fc000000000000000000000000000000000012
:10e30c000000000000000000000000000000000001
:10e31c0000000000000000000000000000000000f1
:10e32c0000000000000000000000000000000000e1
:10e33c0000000000000000000004000008894200fa
:10e34c00897e8900b28900000000000000000000f6
:10e35c0000000000000000000000000000000000b1
:10e36c000008890042897e0089b289000000000003
:10e37c000000000000000000000000000000000091
:10e38c00000000000000270000000000000000005a
:10e39c000000000000000000000000000000000071
:10e3ac000000000000000000000000000000000061
:10e3bc000000000000000000000000000000000051
:10e3cc000000000000000000000000000000000041
:10e3dc000000000000000000000000000000000031
:10e3ec000000000000000000000000000000000021
:10e3fc000000000000000000000000000000000011
:10e40c000000000000000000000000000000000000
:10e41c0000000000000000000000000000000000f0
:10e42c0000000000000000000000000000000000e0
:10e43c0000000000000000000000000000000000d0
:10e44c0000000000000000000000000000000000c0
:10e45c0000000000000000000001000000000000af
:10e46c0000000000000000000000000000000000a0
:10e47c000000000000000000000000000000000090
:10e48c000000000000000000000000000000000080
:10e49c000000000000000000000000000000000070
:10e4ac000000000000000000000000000000000060
:10e4bc000000000000000000000000000000000050
:10e4cc000000000000000000000000000000000040
:10e4dc000000000000000000000000002a00000006
:10e4ec00000000000000000000000000c41100004b
:10e4fc00000000005a2c76002000000000000000f4
:10e50c000008890042897e0089b289000000000061
:10e51c0000000000000000000000000000000000ef
:10e52c000000000000000800894289007e89b200ca
:10e53c008900000000000000000000000000000046
:10e54c000000000000000000000000000000c400fb
:10e55c00110000000000000000000000000000009e
:10e56c00000000000000000000000000000000009f
:10e57c00000000000000000000000000000000008f
:10e58c00000000000000000000000000000000007f
:10e59c0000000000166800000000000000000000f1
:10e5ac00000000000000000000000000000000005f
:10e5bc00000000000000000000000000000000004f
:10e5cc00000000000000000000000000000000003f
:10e5dc0000000000000000000000000000460000e9
:10e5ec0058010000000000000008000014000000aa
:10e5fc0000000000540800000e00000002000000a3
:10e60c004040700005010a0000c20100000001003a
:10e61c0008000000901900002a0000000000000013
:10e62c00360800001000000002000000ffffff0091
:10e63c00ffffff00ffffff00ffffff00ffffff00da
:10e64c00ff0000006c080000040000000000000047
:10e65c00da1700002801000000000000620800002a
:10e66c0006000000000000004c19000044000000ef
:10e67c00020000000000000000000000000000008c
:10e68c0000005a006202a000860100000000000099
:10e69c00000000000000000000000000640000000a
:10e6ac000048000001000000000000000000000015
:10e6bc00000000000000000000000000000000004e
:10e6cc00000000000000000000000000000000003e
:10e6dc00ba190000280000000000000070080000bb
:10e6ec00020000000200000064000000720800003c
:10e6fc000200000000000000021900004a000000a7
:10e70c000200000030313200333435003637380027
:10e71c00396162006364650066676800696a6b0052
:10e72c006c6d6e006f70710072737400757677008b
:10e73c0078797a0000000000211511000e0d0c00f4
:10e74c000b0b0a000a09090009090900080808004e
:10e75c000808080008070700070707000707070055
:10e76c000707070007070000fa4700000400000035
:08e77c00000000000000000095
:020000040000fa
:10e784000200fa00000f78001e007800110020003b
:10e79400610898001e0078002100200001109800f4
:10e7a4001e00780071c0b300616098001e007800fc
:10e7b40010007800100190009e017800f88041005c
:10e7c4001e00780010007800020001001e0078008e
:10e7d40011002000710098000080fa00000006007b
:10e7e4000200fa00000f78001e007800700090000c
:10e7f400e20f500003003a001e007800e0ff07001b
:10e80400040037001e007800700090000000e00053
:10e8140015003a001e0078001100200061089800dd
:10e824001e00780021002000011098001e007800ce
:10e834008040eb00616098001e00780010007800b2
:10e84400100190009e017800f88041001e007800bd
:10e8540010007800020001001e0078001100200062
:10e864007100980001003700000000000080fa00e9
:10e87400000006000400fa00100798001e00900033
:10e88400206890000080fb00000f78001e007800d4
:10e894004800dd00000f78001e00900030689000f2
:10e8a4000080fb001e0f40001e009000a068900036
:10e8b400607f2400014878001e009000b06890003a
:10e8c400707f24000148780000ff2f009e00600044
:10e8d40000192000808f5000070032001e009000b5
:10e8e4002100200071009800807f24008040eb000c
:10e8f40001487800060037001e0090008000eb00fd
:10e9040071009800807f240011c0b3000148780092
:10e914000080fa00000006000400fa0010079800c6
:10e924000040eb00004f78001e4078000064a00017
:10e93400004f78001e4078000074a100004f78005a
:10e944001e4078000034a000004f78001e4078007c
:10e954000054a000004f78001e00900010009000aa
:10e96400e10f500007003a001e4078000044a00068
:10e97400004f78001e4078000054a100004f78003a
:10e984000a0037001e00900010009000e20f5000b3
:10e9940006003a001e4078000044a100004f7800b1
:10e9a4001e4078000054a100004f78001e00900023
:10e9b40021002000610898001e0090008000eb00f8
:10e9c400011098001e00900011c0b300616098000f
:10e9d4009e4078001e009000716098001e00900018
:10e9e40010007800100190001e009000f800400014
:10e9f4001e00900010007800020001001e0090002c
:10ea040011002000710098000080fa000000060048
:10ea14000400fa00100798000040eb00004f780053
:10ea24001e009000200090000040780063406000c9
:10ea3400e3406000500020000008dd001e41780023
:10ea4400f1c9b3008140610000c07000004f78003c
:10ea54001e00900021002000610898001e00900014
:10ea64008000eb00011098001e00900041c0b3002c
:10ea7400616098009e4078001e00900071609800cc
:10ea84001e00900010007800100190001e009000fd
:10ea9400f80040001e009000100078000200010001
:10eaa4001e00900011002000710098000080fa0000
:10eab400000006000200fa00000f7800f00f2000aa
:10eac4009e007800808f500003003400f00f200077
:10ead400000f78000600370010f02f009e00780029
:10eae400808f500002003d0010f02f00000f7800ce
:10eaf4001e0078004700dd000080fa0000000600d8
:10eb04000400fa00100798001e00900030009000e6
:10eb1400e8ff0700000f78001e009000310020007d
:10eb2400610898001e0090008000eb00011098001e
:10eb34001e00900021c0b300616098001e007800a0
:10eb44004800de00804078001e009000716098004c
:10eb54001e0078008040780000ceb30080c06000c2
:10eb64001e009000016898001e00900010007800bc
:10eb7400100190001e009000f80040001e0090005c
:10eb840010007800020001001e0090001100200017
:10eb9400710098000080fa00000006000400fa00ea
:10eba400100798001e00900040009000c1ff07006d
:10ebb400000f78001e0090003100200061089800ca
:10ebc4001e0090008000eb00011098001e009000d1
:10ebd40031c0b300616098001e0078004800de0078
:10ebe400804078001e009000716098001e0078003c
:10ebf4008040780000ceb30080c060001e0090000a
:10ec0400016898001e009000100078001001900028
:10ec14001e009000f80040001e00900010007800d4
:10ec2400020001001e0090001100200071009800f5
:10ec34000080fa00000006000200fa00000f7800cd
:10ec44001e007800206890000080fb00c800dd00f2
:10ec54001e007800306890000080fb000100700006
:10ec6400c780de001e007800010898001e007800ae
:10ec7400800890001e00780030009000808f5000c3
:10ec840006003c001e007800800890001e007800fa
:10ec940040009000808f500007003d001e00780067
:10eca400400090008000e8001e00780001089800f1
:10ecb4001e007800650007000080fa0000000600ce
:10ecc4000200fa00000f78001e00780060609000d7
:10ecd4000080fb00e20f500017003200e20f5000ea
:10ece40005003c000000e0000a003200e10f500083
:10ecf4000e00320024003700e40f500015003200eb
:10ed0400e40f50000f003500e70f500014003200ec
:10ed14001d0037001e007800c7ff07001e007800a2
:10ed24008000eb0071009800170037001e00780087
:10ed340037ff0700140037001e00780097ff070014
:10ed4400110037001e0078008000eb00710098006d
:10ed54000d0037001e00780069ff07000a00370025
:10ed64001e007800c3fe07001e00780070009000ab
:10ed74000000e00003003a001e007800e6fe0700f1
:10ed840001003700000000000080fa0000000600c7
:10ed94000200fa00000f78001e00780010109000a6
:10eda4000000e00006003a001e0078004100200048
:10edb400111098001e007800c1ff07001d003700e5
:10edc4001e00780010109000e20f50000b003a0073
:10edd4001e0078002100200071009800807f24002c
:10ede40021c0b300014878001e007800e060900064
:10edf400907f2400014878000e0037001e00780040
:10ee040010109000e30f50000a003a001e00780032
:10ee14002100200071009800807f240031c0b300dd
:10ee2400014878001e007800e0609000907f240084
:10ee3400014878000080fa00000006000200fa0091
:10ee4400000f78000080fa00000006000200fa00bb
:10ee5400000f78001e007800213f27001108980059
:10ee64001e007800a16c2700210898001e0078007d
:10ee740001722700310898001e00780050009000ad
:10ee8400004078008080fb001e0078006000900045
:10ee9400004078000080fb00008040008000780083
:10eea4001e00780041089800620220009e00410084
:10eeb4001e00780051089800a20220009e00410024
:10eec4001e007800710898001e00780041002000a0
:10eed400111098001e00780029fe07000080fa0037
:10eee400000006000400fa00110798004110800099
:10eef400ce08de00e1c060000141780031108000de
:10ef040081407800e1c060008140710001417800d7
:10ef140031108000c208de00e1c0600001417100d0
:10ef240031108000c308de00e1c0600001417100bf
:10ef3400311080008100d100e1c060000141710006
:10ef440031108000c408de00e1c06000814071001f
:10ef5400e1c060008180fb00e18060001e01780058
:10ef64000200a10082807000010f78009e007800ea
:10ef74000120a100010f780041108000cf08de00bd
:10ef8400814078008180fb00e1806000c308dd00df
:10ef94001e0178000230a10082807000010f780009
:10efa4009e007800c308de00e1c060008180fb00a1
:10efb400e1806000818040001e0178000210a10001
:10efc40082807000010f780041108000ca08de00c2
:10efd400e1c060008180fb00e1806000c408dd00c6
:10efe4001e0178000240a10082807000010f7800a9
:10eff4009e007800e1c0600081c0ea00e1c06000ca
:10f004008180fb00e1806000c508dd001e017800fe
:10f014000250a10082807000010f78009e007800e9
:10f02400e1c060008180fb00e1806000c608dd0073
:10f034001e0178000260a10082807000010f780038
:10f044001e0878000080fa00000006000200fa00a2
:10f05400000f7800001080000080fa000000060015
:10f064000400fa00000f7800110798001e009000b9
:10f07400610060000000e0009a0032001e00900071
:10f08400700060000000e0005d003a001e00900087
:10f09400620060000000e000300032000602a800b8
:10f0a4000000000030108000610060000000e000fb
:10f0b400fcff3a001e007800205090008080fb0086
:10f0c400e00f2000008060001010880041108000d4
:10f0d40000082000008060000000e00097003a0073
:10f0e4000000000030108000610060000000e000bb
:10f0f400fcff3a0030108000640060000000e00073
:10f10400f8ff3a0030108000680060000000e00062
:10f11400f4ff3a0030108000620060000000e0005c
:10f12400f0ff3a0030108000700060000000e00042
:10f13400ecff3a00411080000000240000806000d1
:10f144000000e000e7ff3a004110800000002800c2
:10f15400008060000000e0007a003a001e007800a1
:10f16400305090000080fb00101088004110800097
:10f1740000082000008060000000e00073003a00f6
:10f184000000000030108000610060000000e0001a
:10f19400fcff3a0030108000640060000000e000d2
:10f1a400f8ff3a0030108000680060000000e000c2
:10f1b400f4ff3a0030108000620060000000e000bc
:10f1c400f0ff3a0030108000700060000000e000a2
:10f1d400ecff3a0041108000000024000080600031
:10f1e4000000e000e7ff3a00411080000000280022
:10f1f400008060000000e0003a0032005800370050
:10f204001e009000620060000000e0002f00320049
:10f214000602a800000000003010800061006000b9
:10f224000000e000fcff3a001e007800205090002f
:10f234000004a0000080fb00101088004110800032
:10f2440000082000008060000000e00041003a0057
:10f254000000000030108000610060000000e00049
:10f26400fcff3a0030108000640060000000e00001
:10f27400f8ff3a0030108000680060000000e000f1
:10f28400f4ff3a0030108000620060000000e000eb
:10f29400f0ff3a0030108000700060000000e000d1
:10f2a400ecff3a0041108000000024000080600060
:10f2b4000000e000e7ff3a00411080000000280051
:10f2c400008060000000e00024003a000662a8000c
:10f2d4000000000040108000620060000000e000b8
:10f2e400fcff32001e009000680060000000e00097
:10f2f4000700320006a2a9000682a8000000000050
:10f3040030108000700060000000e000fcff3a0054
:10f314001e009000640060000000e0001000320055
:10f324000642a80000000000301080006400600065
:10f334000000e000fcff3a00090037000000000074
:10f34400070037000000000005003700000000003f
:10f354000300370000000000010037000000000037
:10f364000080fa00000006000400fa00000f780094
:10f37400110798001e009000804078001e0078005d
:10f38400315098000080fa00000006000400fa00e2
:10f39400000f7800110798001e00900000407800cc
:10f3a40000404000804078001e0078002150980002
:10f3b4000080fa00000006000000fa0040108000ff
:10f3c4004e00de00614060008080fb003010800051
:10f3d40000407800614060000080fb008100700004
:10f3e400301080004200de00614060000080fb00bd
:10f3f40081007000301080004300de006140600036
:10f404000080fb0081007000301080000000d100fb
:10f41400614060000080fb008100700030108000bb
:10f424004400de00614060000080fb0001007000c9
:10f434000080fa00000006000000fa008620a900ff
:10f444000080fa00000006000800fa00881f780017
:10f4540030079800417727003e0090001100980083
:10f46400818227003e0090004100980021832700fc
:10f474003e00900001087800619b27003e00900048
:10f4840031009800819c27003e00900021009800e4
:10f494003e009000e19d27003108980000262e00d0
:10f4a400000f78003e00900050029000e0029000af
:10f4b4003e00900080089000700090000001be00a3
:10f4c4000400be0092c60700000478003e009000cd
:10f4d400e00090005000900072442f0003012000cf
:10f4e4008bc6070000007800000054001007980045
:10f4f4009e0090002107980007e2a9009600a90049
:10f504009620a9008600a9008620a900ae009000dc
:10f51400211088009e00780031108800000000004f
:10f5240030108000610060000000e000fcff3a0041
:10f5340030108000640060000000e000f8ff3a0032
:10f5440030108000680060000000e000f4ff3a0022
:10f5540030108000620060000000e000f0ff3a001c
:10f5640030108000700060000000e000ecff3a0002
:10f574004110800000002400008060000000e000d2
:10f58400e7ff3a004f0478000080fa00000006000c
:10f594001000fa00000f7800110798002207980065
:10f5a40033079800440798005507980066079800a9
:10f5b40077079800410c20001e804000a202200022
:10f5c4008000eb009ec60700e20e20001e004100f2
:10f5d400a20220008000eb0099c607001e017800fb
:10f5e400f40041001e00780061309a001e0178008a
:10f5f400f40041001e007800518098001e0178003c
:10f60400f40041001e00780011a098003e00900014
:10f614000000e000030032001e007800be009000ed
:10f62400310098001e0078008000eb004100980033
:10f634001e007800a00090001e00780001087800e9
:10f644001e00780090007800f0072000808f5000a2
:10f65400060036001e0078002e0190000208780093
:10f664001e007800ae009000210098001e00780073
:10f67400100078000000e00006003a001e00780048
:10f684002e019000020878001e007800ae00900061
:10f69400210098001e007800900078001e00780079
:10f6a400210898001e007800900078001e00780061
:10f6b40061109a001e0078007e01900002309a00ca
:10f6c4001e007800ceb8970011309a001e00780012
:10f6d400800893001e00780041a89a001e0078005c
:10f6e400f00093001e00780031a89a001e007800f4
:10f6f400900078001e007800011098001e00780029
:10f704001e019000420898001e007800d008900066
:10f714001e01780074004100010001001e00780001
:10f72400f0289200c22220001e00410001000100c6
:10f734001e00780080189000020220001e00410084
:10f74400010001001e007800fe009000119898004e
:10f754001e0078004eb99700229898001e00780089
:10f76400ce009000619898001e0078005e01900021
:10f7740072989800a11120001e804000f80607002e
:10f78400621320001e004100f50607001e007800e9
:10f79400ee00900001a098001e0078006e01900019
:10f7a40052309a001e007800900078001e00780005
:10f7b40011b89900e12620001e804000e8060700e9
:10f7c400a22820001e004100e5060700210b2000ae
:10f7d4001e804000be009000fde007001e0078007f
:10f7e4001e01900042009b001e017800e4004100cd
:10f7f4001e00780051009b000080fa000000060003
:10f804000200fa00000f78001e007800c00090008b
:10f814001e00780030009000808040001e007800b8
:10f82400410098001e007800c0009000f0072000fe
:10f83400008060000000e00005003a001e0078002f
:10f84400d0109000020220001e00410001000100bf
:10f854001e007800a0309200c22220001e00410049
:10f86400010001001e007800d0989000220b2000b7
:10f874001e004100010001000080fa0000000600a3
:10f884000400fa00000f7800110798001e00900091
:10f8940090009000c0ff21008080600040f92100aa
:10f8a400808f500006003a001e00780060a9920084
:10f8b400c12d20001e8040009e0090000200010027
:10f8c4001e00780070a892000000e00002003200e0
:10f8d4000000eb00a80037001e009000100090000c
:10f8e4004200de00f17f200001006000800078000b
:10f8f400f0072000808060001e007800100078006f
:10f90400808f5000110032001e0090009000900083
:10f91400c0ff2100008060000000e0000b00320006
:10f924001e009000100090004200de00f17f2000d5
:10f934000100600080007800f00f2000808f5000ec
:10f94400020034000000eb008b0037001e00900022
:10f95400100090004200de00f17f200001006000f2
:10f964008000780000082000808f50001f003c00b9
:10f974001e009000100090004200de00f17f200085
:10f98400010060000000e000180034001e00900038
:10f99400200090006f0060000000e00013003a00b7
:10f9a4001e00900020009000700060000000e00045
:10f9b4000e003a001e007800a08a90001e009000fd
:10f9c400100090004200de00f17f20000100600082
:10f9d4008000eb00020920001e0241000001be006d
:10f9e4000400780005000100620037001e0090004a
:10f9f400100090004200de00f17f20000100600052
:10fa040080007800f0172000808f50001000340030
:10fa14001e009000100090004200de00f17f2000e4
:10fa24000100600080007800f0572000808f5000b3
:10fa340007003c001e007800300890006100600060
:10fa44000000e00002003200100020004a003700ed
:10fa54001e009000100090004200de00f17f2000a4
:10fa640001006000800078001e007800100178001a
:10fa74000060200000004100808f50000d003a001b
:10fa84001e009000200090006f4060000080fb008a
:10fa94000000e000070034001e00900020009000e9
:10faa400700060000000e00002003a002000200026
:10fab400310037001e009000100090004200de006c
:10fac400f17f200001006000800078001e007800b3
:10fad400100178000070200000004100808f500069
:10fae40013003a001e009000200090007000600097
:10faf4000000e0000e0032001e0090002000900084
:10fb04006f0060000000e00009003a001e00780069
:10fb1400f01190001e017800f40041000202200060
:10fb24001e0041001e019000030001001100370077
:10fb34001e00900090009000c0ff21000080600033
:10fb44000000e0000b003a001e009000200090002e
:10fb54006f006000e20f500006003a001e007800bb
:10fb6400600990009e007800748040009e00900020
:10fb7400020001000000eb000080fa000000060013
:10fb84000600fa001007980021079800ae009000c4
:10fb94001e0090003aff0700000f78001e00780056
:10fba400e10f500003003200e20f50000800320061
:10fbb4000f0037001e009000409990001e00900036
:10fbc400200bb000ae0090000200010008003700d6
:10fbd4001e009000b03192001e009000c022b000c0
:10fbe4000001eb00ae0090000300010000000000e3
:10fbf4000080fa00000006000400fa00000f7800fc
:10fc0400110798001e007800700990009e0078008b
:10fc1400748040009e009000020001000080fa0001
:10fc2400000006001a00fa00400f98004e089000e9
:10fc3400900078000070200080804000f07f200059
:10fc440080806000f07f2000008060004200dd00c2
:10fc54001e01900031002e0081006100010070003f
:10fc640010079800ae00900000ff2f000080600095
:10fc74000000a000200798002e0090000040a10082
:10fc8400200798006000b80060079800710798008a
:10fc94006000b80040079800510798000040eb004e
:10fca400004f98004e089000900090000130a10091
:10fcb400110098004e089000900090000100a100ef
:10fcc400110098004e089000900090000110a000d0
:10fcd400110098004e089000900090000120a100af
:10fce400110098004e0890002000900090007800c9
:10fcf4000e007800010001000080fa0000000600f8
:10fd04000400fa00000f7800110798001e0090000c
:10fd140000489000e14f500025003a001e0090007a
:10fd2400104890008080fb001e00780010007800ce
:10fd3400808f5000040032001e0090001048900094
:10fd44000004e0001a003a001e0078001000900041
:10fd5400620060000000e00005003a001e00780028
:10fd640010009000640060000000e0001000320009
:10fd74001e007800900090000130a100110098004e
:10fd84001e007800900090000100a000110098006f
:10fd94001e007800900090000110a100110098004e
:10fda4001e007800900090000120a100110098002e
:10fdb4001e00900000489000e24f500025003a00d9
:10fdc4001e009000104890008080fb001e00780008
:10fdd40010007800808f5000040032001e00900054
:10fde400104890000004e0001a003a001e00780059
:10fdf40010009000620060000000e00005003a007e
:10fe04001e00780010009000610060000000e00017
:10fe1400100032001e007800900090000130a10014
:10fe2400110098001e007800900090000100a100cd
:10fe3400110098001e007800900090000110a100ad
:10fe4400110098001e007800900090000120a0008e
:10fe5400110098001e0090008048900000c8b30074
:10fe640080cf500025003a001e00900010489000fa
:10fe74008080fb001e00780010007800808f500006
:10fe8400040032001e009000104890000004e000be
:10fe94001a003a001e007800100090006400600010
:10fea4000000e00005003a001e00780010009000f9
:10feb400610060000000e000100032001e007800c5
:10fec400900090000130a100110098001e007800fd
:10fed400900090000100a100110098001e0078001d
:10fee400900090000110a000110098001e007800fe
:10fef400900090000120a100110098001e009000c5
:10ff04008048900010c8b30080cf50000c003a0025
:10ff14001e009000104890008080fb001e007800b6
:10ff240010007800808f5000040032001e00900002
:10ff3400104890000004e00001003a0095e1070039
:10ff44001e0090008048900020c8b30080cf50006d
:10ff54000d003a001e009000104890008080fb00c5
:10ff64001e00780010007800808f500004003200da
:10ff74001e009000104890000004e00002003a00c7
:10ff84001e00780027ff07000080fa00000006002a
:10ff94000400fa00000f7800110798001e00780092
:10ffa40010009000610060000000e00007003200d3
:10ffb4001e00780020009000900078001e00900041
:10ffc400010001000000eb003d0037001e00780036
:10ffd40010009000620060000000e0001900320090
:10ffe4001e009000100090004200de00f17f20000f
:10fff4000100600080007800f0172000808f50001e
:020000040001f9
:10000400090034001e009000100090004200de0041
:10001400f17f20000100600080007800f05720008c
:10002400808f5000250034001e00780020009000ce
:10003400900078001e009000010001000000eb0019
:100044001f0037001e00780010009000640060005c
:100054000000e000190032001e0090001000900023
:100064004200de00f17f2000010060008000780083
:10007400f06f2000808f5000100034001e009000ac
:10008400100090004200de00f17f200001006000bb
:1000940080007800f0772000808f500007003c003b
:1000a4001e00780020009000900078001e00900050
:1000b400010001000000eb00010037000080eb00ac
:1000c4000080fa00000006000200fa00000f780029
:1000d4001e00780040e890000004e00010003200a8
:1000e4001e007800d0289000e20220001e0041008b
:1000f400010001001e0078008040eb0051e89800e8
:100104001e007800d0289000e30220001e804100e9
:10011400010001001e0078008040eb0041e89800d7
:100124001e007800c0309000e20220001e00410052
:10013400010001001e00780090309000e3022000ce
:100144001e804100010001000000e00003003a00ad
:100154001e00780011c0b30051e898001e0078001a
:10016400e0e890001e00780050e8900080cf500036
:100174000c0032001e007800d0e890001e007800c9
:1001840061e898001e007800300990001e00780095
:1001940050e890008080fb009e017800728041004e
:1001a400020001000080fa00000006000200fa00cc
:1001b400000f78001e00780050e890000080fb00db
:1001c4000080fa00000006001e00fa00400f9800ac
:1001d400510f9800620f98004e089000900078002c
:1001e4000070200080804000f07f2000808060004c
:1001f400f07f2000008060004200dd001e019000be
:1002040031002e0081006100010070001007980089
:10021400ae00900000ff2f00008060000000a000ee
:10022400200798002e0090000040a10020079800ad
:100234006000b80060079800710798006000b8007b
:1002440040079800510798004e0890008040eb004a
:1002540041e898004e089000d02890004e08900085
:10026400e002b000010001004e0890008040eb0065
:1002740051e898004e089000d02890004e08900055
:10028400e002b000010001005e0890001000900040
:10029400610060000000e000030032004e0890009e
:1002a40051c0b300014898005e089000100090000f
:1002b400640060000000e000030032004e0890007b
:1002c40041c0b300014898005e08900010009000ff
:1002d400620060000000e000030032004e0890005d
:1002e400f1c7b300014898004e0890009048900070
:1002f40000c8b30080c068004e0890001148980000
:100304004e089000804890004e08900010489000dd
:1003140080c070004e089000014898004e0890007c
:1003240000489000004f98004e0890005030900014
:10033400500190004e089000503090008e007800dc
:10034400020001000080fa00000006000600fa0026
:10035400200798002e009000300090008000eb00f1
:10036400008fbe002e009000c02890002e00900048
:10037400e002b0001e01be00010001002e0090004a
:10038400303190002e009000e002b00011002000f7
:10039400020001002e009000100090008000eb008d
:1003a400008fbe002e009000200090008000eb0023
:1003b4001e0190000091b900020178009e017800ae
:1003c400019ab90084017800030141009e0178007c
:1003d4000018b8000101410082007800008fbe00bf
:1003e400008fbe002e009000e02890002e009000a8
:1003f400e002b0001e01be00010001000080fa000e
:10040400000006000600fa00000f780012079800aa
:10041400230798006ae007001e007800e0009000bf
:100424000110a100610098001e0078001e019000d8
:10043400ae01900042009800530098001e0178001d
:10044400400620000100200020019800310198009e
:100454001e007800e00090000100a10061009800f7
:100464001e0178006000b8000089be001e007800fc
:10047400a00890009e0178006e80410001000100f8
:1004840048e007000080fa00000006000200fa00bd
:10049400000f78004ae007001e0178006000b800f1
:1004a4000089be001e007800e00090000110a0004a
:1004b400610098003be007000080fa00000006009d
:1004c4000600fa00000f780012079800230798002e
:1004d4003be007001e0078001e019000ae01900072
:1004e40022009800330098001e0178006000b800d4
:1004f4000089be001e007800e00090000110a000fa
:100504006100980027e007000080fa000000060060
:100514000200fa00000f780029e007001e007800ae
:10052400e00090000110a100610098001de00700a8
:100534000080fa00000006000600fa002007980078
:100544006000b800008fbe001de007002e00900080
:1005540020019000b0019000028fbe0011e007005e
:100564001e00be000080fa00000006000400fa002d
:10057400100798000000eb00000f780010e007005f
:100584001e009000600090000000d10061406000f7
:100594000080fb00000f780002e007001e007800d6
:1005a4000080fa00000006000400fa00100798001a
:1005b4000000eb00000f780001e007001e0090002f
:1005c40060009000614060000080fb00000f780034
:1005d400f4df07001e0078000080fa000000060027
:1005e4000400fa00000f780011079800f4df0700f8
:1005f4001e00900000407800e14060001e0078007a
:100604008180fb00e1806000600190000200a10095
:100614008280700061009800e2df07000080fa0029
:10062400000006000200fa00000f7800e4df070073
:100634001e00780060009000620060000000e0008e
:10064400380032001e0078001001be001e00780041
:10065400b000900020009000800f5100818f59005d
:100664000a0031001e0078001001be001e00780050
:10067400d0009000400090000200400083804800b9
:100684001e0178000089be00260037001e00780095
:1006940060009000610060000000e0000e003a007d
:1006a4001e0178006000b8000089be001e007800ba
:1006b400900a90001e007800b00090002000900086
:1006c4001e0178006e0241000001be0004007800a3
:1006d40005000100130037001e0078006000900040
:1006e400610060000000e0000e0032001e0078008f
:1006f400e00090000110a100610098001e00780045
:10070400900a90001e007800b00090002000900035
:100714001e0178006e0241000001be000400780052
:10072400050001009fdf07000080fa0000000600ba
:100734000200fa00004f7800000000001111800050
:1007440000202000008060000000e000fbff3a0071
:1007540050052000201188000000000011118000c5
:1007640000202000008060000000e000fbff3a0051
:100774001e80fb00201188000080fa0000000600a3
:100784000200fa00004f78001147980000000000b2
:100794001111800000202000008060000000e000b3
:1007a400fbff3a00500520002011880000000000e3
:1007b4001111800000202000008060000000e00093
:1007c400fbff3a001e80fb0020118800000000009f
:1007d4001111800000202000008060000000e00073
:1007e400fbff3a001e4090000080fb0020118800af
:1007f4000080fa00000006000400fa002047980078
:100804000040eb00004f78002e4090008080fb00f9
:10081400000f20008080600000022000808f5000c4
:1008240003003a002e409000c1ff07000400370087
:100834002e4090006f4060000054a000bcff0700f1
:100844001e4078000080fa00000006000000fa0054
:1008540060c0b300b6ff07000080fa000000060085
:100864000200fa00004f7800114798001e409000e3
:1008740067406000104798009e40780080cfb30026
:1008840000c06000004f78009e4078001e40900039
:1008940000c070008040780080c4b300b8ff070037
:1008a4000080fa00000006000000fa0080c0b300d7
:1008b4009fff07000080fa00000006000000fa0015
:1008c40020c0b3009aff07000080fa000000060071
:1008d4000000fa0000c1b30095ff07000080fa0091
:1008e400000006000800fa00004f78001147980045
:1008f4001207980023079800644798001e40780068
:100904008040780000c4b3009dff07001e409000a3
:100914008040780020c4b30099ff07002e40900067
:100924008040780040c4b30095ff07004e4090001b
:100934008040780060c4b30091ff07006e409000cf
:100944008040780080c4b3008dff07001e4178000a
:1009540041802000824878001e4190005180200090
:100964008248780000702400ae409000014878006e
:10097400107024003e41900002487800207024004a
:10098400ce40900001487800307024005e41900011
:10099400024878006e41900061802000824878000f
:1009a4000080fa00000006000000fa00a7ff07001c
:1009b40000c4290001002000be030700604c210090
:1009c4001080fb00714c21009180fb00c808dd0001
:1009d400010070008000eb0080007800404c210092
:1009e4001080fb00524c21001281fb004811dd00f5
:1009f400020170000000eb00020078006485200012
:100a040014427800810178000001780051852000ab
:100a14009140780054c8bf00b2ff07000080fa007c
:100a2400000006000000fa008075240035ef07007e
:100a34008076240033ef07008077240031ef07002d
:100a4400807824002fef0700807924002def070021
:100a54002268ef002368ef00807a240029ef070062
:100a6400807b240027ef07002468ef0080752400b2
:100a7400a0408800a04080008000eb003100980076
:100a8400a04080008000eb004100980080762400a4
:100a9400b0408800b04080008000eb003100980036
:100aa400b04080008000eb00410098008077240073
:100ab400c0408800c04080008000eb0031009800f6
:100ac400c04080008000eb00410098008078240042
:100ad400d0408800d04080008000eb0031009800b6
:100ae400d04080008000eb00410098008079240011
:100af400e0408800e04080008000eb003100980076
:100b0400e04080008000eb0041009800807a2400df
:100b1400f0408800f040800011002000310098006f
:100b2400f04080004101200041009800807b2400b7
:100b3400004188000041800011002000310098002d
:100b44000041800041012000410098000080fa002b
:100b5400000006000000fa00f040800090007800d9
:100b6400f040800001000100004180009000780006
:100b74000041800001000100f04080002048900006
:100b84006140600041822000914078000104a1008e
:100b940000c0700024e8b7000041800020489000a5
:100ba4006140600000404000418220009140780094
:100bb4000114a10000c0700024e8b70023c8bf00de
:100bc400e140600022c8bf006140600080cf500057
:100bd4000c003200d04080001001900022c8bf00f9
:100be400614060000080fb0000f0a7000000ea0004
:100bf4000000ea004f00de0080407800d040800012
:100c04000200010023c8bf000080fb000000d100e7
:100c1400e140600022c8bf000080fb000000d1005a
:100c24006140600080cf50000e003200e040800040
:100c34001001900022c8bf000080fb000000d1001a
:100c4400614060000080fb0000f0a7000000ea00a3
:100c54000000ea004f00de0080407800e0408000a1
:100c6400020001000080fa00000006000200fa0001
:100c7400004f7800a0408000100190001e80fb000f
:100c84006100600000f0a7000000ea000000ea0034
:100c94004f00de0080407800a04080000200010088
:100ca400b0408000100190001e80fb0062006000d4
:100cb40000f0a7000000ea000000ea004f00de0098
:100cc40080407800b040800002000100c0408000f5
:100cd400100190001e80fb006400600000f0a7007b
:100ce4000000ea000000ea004f00de0080407800c7
:100cf400c0408000020001000080fa0000000600ed
:100d04000400fa00000f7800110798001e00780014
:100d140050009000800078001e00780020009000b1
:100d2400808f5000170031001e007800900078007a
:100d34001e00780040009000008040009e0090005b
:100d440091407800014878001e007800400090002f
:100d54008000e8001e007800100090008080600091
:100d64001e007800410098001e007800500090009a
:100d74008000e8001e0078005100980010c0b30005
:100d8400060037001e007800404890008040e800cc
:100d94001e007800414898000040eb000080fa00f3
:100da400000006000400fa00000f78001107980004
:100db4001e007800500090000000e00002003a009d
:100dc4000040eb00160037001e0078009000780009
:100dd4001e007800300090000080400090407800b1
:100de4001e009000014878001e007800300090003a
:100df4008000e8001e0078001000900080806000f1
:100e04001e007800310098001e0078005000900009
:100e14008000e9001e0078005100980010c0b30063
:100e24000080fa00000006000600fa00000f7800b7
:100e340011079800220798002e0090008000e90016
:100e44001e007800110098001e007800ae0090008b
:100e5400210098001e0078009e0090000108780090
:100e64001e0078008000eb00310098001e0078001e
:100e74008000eb00410098001e0078008000eb0029
:100e8400510098001e0078008040eb004148980013
:100e94001e00780021682800710098001e00780068
:100ea400416d2800010898001e00780010007800a9
:100eb400220020008000eb0061c007000080fa00df
:100ec400000006000600fa001007980021079800a9
:100ed4001e00900010009000e20f50004b00320002
:100ee4000000eb00000f7800440037001e00900063
:100ef400100190001e009000b00190001e007800c8
:100f04006600b900000078000080410010007800fd
:100f1400800f5100090032001e0090003001900043
:100f24001e0078006600b90000007800000041004f
:100f340010007800e10f40002f003a001e009000de
:100f4400300190001e0078006600b90000007800af
:100f540000004100900090002e009000808f50000f
:100f6400090032001e009000300190001e0078003d
:100f74006600b900000078000000410010009000f5
:100f8400e10f40001c003a001e00900010007800a1
:100f94000000e0000d0032001e00900030019000bf
:100fa4001e0078006600b9000000780000004100cf
:100fb400a00090001e0090001000780001000100c5
:100fc4009e00900090009800100037001e009000d2
:100fd400300190001e0078006600b900000078001f
:100fe4000000410020009000000001009e009000dd
:100ff40090009800050037001e0fe8001e009000c6
:10100400200090009e0f5000b8ff3e000080fa00c0
:10101400000006000800fa00000f7800110798008d
:1010240022079800330798001e0078009e00900065
:10103400110098001e007800ae0090003100980066
:101044001e007800be009000210098000080fa0085
:10105400000006000200fa00000f78001e0078006d
:10106400100090000080fa00000006000a00fa0058
:10107400100798002207980033079800410798004a
:101084001e0090000000e00002003a000080eb0027
:10109400240037009e009000010f78001a003700ea
:1010a4001e00780020019000b00190002e009000f6
:1010b400be009000800f5100818f590010003a004b
:1010c400ce0090001e007800b0187800a0107800c0
:1010d400e480400064004000b0187800a01078005c
:1010e400e480400064004000b0187800a01078004c
:1010f400e4804000640040000000eb000900370079
:101104009e0078006c8f40001e007800b0009000b4
:1011140020009000e00f5000e08f5800e0ff3a00fc
:101124000080eb000080fa00000006000600fa00d0
:1011340010079800210798000040eb00004f78004a
:101144002e009000500090006c006000e80f5000ea
:101154000f003a002e009000500090004800de007e
:101164006f406000004f78001e0090000000e00017
:10117400070032001e80fb00000040009e0090002b
:1011840000804000900078008100e80001087800a9
:101194000000eb000080fa00000006000600fa00e0
:1011a40010079800210798000040eb00004f7800da
:1011b4002e0090005000900063006000e20f500089
:1011c4000f003a002e009000500090004800de000e
:1011d4006f406000004f78001e0090000000e000a7
:1011e400070032001e80fb00000040009e009000bb
:1011f40000804000900078008100e8000108780039
:101204000000eb000080fa00000006000600fa006f
:1012140010079800210798000000eb00000f7800e9
:10122400110037009e0090001e0178006400410008
:1012340000004000610078000000e00009003a006e
:101244009e0090001e0178006400410000004000f0
:1012540000804000ae009000010878000000eb0020
:10126400050037001e0fe8001e007800e90f50004b
:10127400ecff3400e0ff2f000080fa0000000600bd
:101284000600fa0010079800210798000000eb0000
:10129400000f7800120037009e0090001e017800b5
:1012a4006400410000004000e10078002e0090003e
:1012b400808f500009003a009e0090001e017800c3
:1012c4006400410000004000008040008000eb000a
:1012d400010878000000eb00050037001e0fe8004d
:1012e4001e007800e90f5000ebff34000080eb0093
:1012f4000080fa00000006000600fa0010079800bb
:10130400210798000000eb00000f78000f00370061
:101314009e0090001e01780064004100000040001f
:10132400610078000000e000070032009e00900099
:101334001e0178006400410000004000e1007800d4
:101344002e009000010001001e0fe8001e0078002e
:10135400e90f5000eeff34000080fa0000000600a0
:101364000400fa00100798000000eb00000f78005a
:10137400080037009e0090001e01780064004100c0
:1013840000004000008040008000eb00010878006d
:101394001e0fe8001e007800e90f5000f5ff34002e
:1013a4000080fa00000006000600fa00100798000a
:1013b4002107980010002000000f78001200370069
:1013c4007fdc07001e009000100078008000780089
:1013d4002e009000808f50000a0039001e009000fb
:1013e40010007800800078002e00900000805000eb
:1013f400800078001e009000010878000000eb00d7
:10140400000f780067dc07001e0078000000e00091
:10141400ebff3a000080fa00000006000400fa0026
:101424001007980066dc07001e009000100f78007b
:101434005cdc07001e0078000080fa000000060053
:101444000400fa00000f7800110798005cdc070024
:101454001e00780010007800800078001e009000c4
:1014640000804000800078001e00780001087800a9
:101474004cdc07000080fa00000006000400fa00bb
:10148400000f7800110798004ddc07001e0078005b
:1014940010007800800078001e009000808f5000bb
:1014a4000b0039001e0078001000780080007800de
:1014b4001e00900000805000800078001e0078001c
:1014c4000108780037dc07000000eb000200370059
:1014d40034dc07000080eb000080fa000000060006
:1014e4000200fa0010002000000f78008860a900b4
:1014f40050208000620060000000e0002b003200f9
:101504000a24a90001003700000000009141800076
:10151400f0072000808f500021003e0040428000f0
:10152400a5e10700000f78001e0078000000e0002d
:101534000d003200904180000000e80090418800d6
:1015440040428000780040004042880041428000d0
:10155400c0452100808f5000ebff360040872000fb
:1015640040428800e9ff3700402080004800de0048
:10157400f2c3b30082406000402080000040780045
:10158400f043b20080cf5000070032002024ef0067
:101594002224ef002824ef002a24ef000300370060
:1015a400000000000100370000000000512080000e
:1015b40000082000008060000000e0000e003200ff
:1015c4000ae4a90042438000534380000080eb00fa
:1015d4008080eb00800f5100818f5900060032009b
:1015e400404380005143800061004000e080480097
:1015f40040438800514388000080fa000000060040
:101604001400fa0040492100000f7800060037005a
:101614001e00780090407800d0c2b30080cf500004
:10162400060032001e0fe8001e007800104078000b
:101634000004e000f6ff3a0001003700000000005b
:101644001e0fe800640047001007980017003700d9
:101654001e00780090407800f0c2b30080cf5000a4
:101664000e0034001e0078009040780090c3b30050
:1016740080cf500009003c001e00780090407800a4
:101684001e009000014878001e0090000000e80051
:10169400100798001e0fe800040037001e00900099
:1016a4008040eb0001487800040037001e007800f9
:1016b400104078000004e000e5ff3a0064004700b1
:1016c40055be0700cf80de00604388007143880068
:1016d4000080fa00000006000000fa00c094210017
:1016e40059f70700c0942100d0cd8800a09b2100a9
:1016f4001df20700a09b210020cb8800409621000a
:10170400d2f507000080fa00000006000000fa008d
:10171400f1cd8000a09b210001000100c1cb80001d
:1017240040962100010001000080fa00000006003c
:101734000000fa0010cb8000000001000080fa00d5
:10174400000006000000fa0070c8bf000004e000ba
:1017540008003a00a0cb800090438800b1cb800001
:10176400409621000100010040c6b30070e8b700b4
:101774000300370070c8bf000040e90070e8b700fc
:101784000080fa00000006000c00fa000040eb00a4
:10179400004f78000000eb0050079800e07f250020
:1017a4001100200010079800210798006000b8007d
:1017b40030079800410798001e019000ae01900088
:1017c40032079800430798006a0047000002eb00c4
:1017d40023002000000178003e009000ce0090001d
:1017e400aebc07005e009000004f78001e407800f9
:1017f4000080fa00000006000200fa00004f7800a2
:10180400114798001e4090009e40780080cf500001
:10181400060032000060fe001e80fb00000178001c
:10182400e07f25001100200015e907000080fa0080
:10183400000006000600fa00000f78001207980066
:10184400230798001e0078001001be001e009000bf
:10185400ae009000800f5100818f590013003a00b0
:101864001e009000ae009000e00f5000e08f580082
:101874000e0032001e019000ae019000f00720001f
:1018840001002000800f5100818f590007003e00a5
:101894001e007800d00090001e0178006600410010
:1018a4001e019000ae019000010001000080fa00ca
:0418b400000006002a
:020000040000fa
:020000040001f9
:1018b800f03fb1000180b10006003500ee030900d9
:1018c80000000000403fb1000180b100fbff3d0077
:1018d8001000b000203fb000020035000080090071
:0818e8000000000000000600f2
:020000040000fa
:0200000401f009
:04000000ffff0000fe
:020000040000fa
:0200000401f009
:04000400ffff0000fa
:020000040000fa
:0200000401f009
:04000800ffff0000f6
:020000040000fa
:0200000401f009
:04000c008000000070
:020000040000fa
:0200000401f009
:0400100000000000ec
:020000040000fa
:0200000401f009
:04001400da0000000e
:020000040000fa
:0200000401f009
:04001800970000004d
:020000040000fa
:0200000401f009
:04001c00c30000001d
:00000001FF
